{
"type": "FeatureCollection",
"name": "fence_df",
"crs": { "type": "name", "properties": { "name": "urn:ogc:def:crs:EPSG::26918" } },
"features": [
{ "type": "Feature", "properties": { "objectid": 5067647.0, "service_re": 17360552.0, "subject": "Illegal Dumping", "status": "Closed", "status_not": null, "service_na": "Illegal Dumping", "service_co": "SR-ST02", "agency_res": "Streets Department", "service_no": "5 Business Days", "requested_": "2025-01-08T00:00:00", "updated_da": "2025-01-10T00:00:00", "expected_d": "2025-01-16T00:00:00", "closed_dat": "2025-01-10T00:00:00", "address": "4730 WHITAKER AVE", "zipcode": "19120", "media_url": null, "lat": 40.02096762, "lon": -75.11378645000001, "year": 2025, "month": 1 }, "geometry": { "type": "Point", "coordinates": [ 490290.193322098464705, 4430090.623856454156339 ] } },
{ "type": "Feature", "properties": { "objectid": 5075624.0, "service_re": 17371212.0, "subject": "Illegal Dumping", "status": "Closed", "status_not": null, "service_na": "Illegal Dumping", "service_co": "SR-ST02", "agency_res": "Streets Department", "service_no": "5 Business Days", "requested_": "2025-01-15T00:00:00", "updated_da": "2025-01-17T00:00:00", "expected_d": "2025-01-22T00:00:00", "closed_dat": "2025-01-17T00:00:00", "address": "4924 BINGHAM ST", "zipcode": "19120", "media_url": null, "lat": 40.0239694, "lon": -75.11364682, "year": 2025, "month": 1 }, "geometry": { "type": "Point", "coordinates": [ 490302.532936191535555, 4430423.778637188486755 ] } },
{ "type": "Feature", "properties": { "objectid": 5075635.0, "service_re": 17371224.0, "subject": "Illegal Dumping", "status": "Closed", "status_not": null, "service_na": "Illegal Dumping", "service_co": "SR-ST02", "agency_res": "Streets Department", "service_no": "5 Business Days", "requested_": "2025-01-15T00:00:00", "updated_da": "2025-01-17T00:00:00", "expected_d": "2025-01-22T00:00:00", "closed_dat": "2025-01-17T00:00:00", "address": "524 E ROOSEVELT BLVD", "zipcode": "19120", "media_url": null, "lat": 40.02647563, "lon": -75.11467881, "year": 2025, "month": 1 }, "geometry": { "type": "Point", "coordinates": [ 490214.831536856363527, 4430702.059439385309815 ] } },
{ "type": "Feature", "properties": { "objectid": 5075638.0, "service_re": 17371227.0, "subject": "Illegal Dumping", "status": "Closed", "status_not": null, "service_na": "Illegal Dumping", "service_co": "SR-ST02", "agency_res": "Streets Department", "service_no": "5 Business Days", "requested_": "2025-01-15T00:00:00", "updated_da": "2025-01-17T00:00:00", "expected_d": "2025-01-22T00:00:00", "closed_dat": "2025-01-17T00:00:00", "address": "5000 BINGHAM ST", "zipcode": "19120", "media_url": null, "lat": 40.02509641, "lon": -75.11354251, "year": 2025, "month": 1 }, "geometry": { "type": "Point", "coordinates": [ 490311.593047957343515, 4430548.854379678145051 ] } },
{ "type": "Feature", "properties": { "objectid": 5109059.0, "service_re": 17417068.0, "subject": "Illegal Dumping", "status": "Closed", "status_not": null, "service_na": "Illegal Dumping", "service_co": "SR-ST02", "agency_res": "Streets Department", "service_no": "5 Business Days", "requested_": "2025-02-11T00:00:00", "updated_da": "2025-02-15T00:00:00", "expected_d": "2025-02-18T00:00:00", "closed_dat": "2025-02-15T00:00:00", "address": "4879 WHITAKER AVE", "zipcode": "19124", "media_url": "https://d17aqltn7cihbm.cloudfront.net/uploads/large_46d7ef9ac7d0ec7b809495f27756e8d5", "lat": 40.0233679, "lon": -75.11072705, "year": 2025, "month": 2 }, "geometry": { "type": "Point", "coordinates": [ 490551.593468502629548, 4430356.703706931322813 ] } },
{ "type": "Feature", "properties": { "objectid": 5129710.0, "service_re": 17447781.0, "subject": "Illegal Dumping", "status": "Closed", "status_not": null, "service_na": "Illegal Dumping", "service_co": "SR-ST02", "agency_res": "Streets Department", "service_no": "5 Business Days", "requested_": "2025-02-26T00:00:00", "updated_da": "2025-03-06T00:00:00", "expected_d": "2025-03-06T00:00:00", "closed_dat": "2025-03-06T00:00:00", "address": "4879 WHITAKER AVE", "zipcode": "19124", "media_url": "https://d17aqltn7cihbm.cloudfront.net/uploads/large_088898e0a5528c0d6295384324e92f6d", "lat": 40.0233679, "lon": -75.11072705, "year": 2025, "month": 2 }, "geometry": { "type": "Point", "coordinates": [ 490551.593468502629548, 4430356.703706931322813 ] } },
{ "type": "Feature", "properties": { "objectid": 5129750.0, "service_re": 17447831.0, "subject": "Illegal Dumping", "status": "Closed", "status_not": null, "service_na": "Illegal Dumping", "service_co": "SR-ST02", "agency_res": "Streets Department", "service_no": "5 Business Days", "requested_": "2025-02-26T00:00:00", "updated_da": "2025-03-06T00:00:00", "expected_d": "2025-03-06T00:00:00", "closed_dat": "2025-03-06T00:00:00", "address": "5052 RORER ST", "zipcode": "19120", "media_url": "https://d17aqltn7cihbm.cloudfront.net/uploads/large_f015a09036a70c532832996021635c1b", "lat": 40.02627586, "lon": -75.11456676, "year": 2025, "month": 2 }, "geometry": { "type": "Point", "coordinates": [ 490224.364355111320037, 4430679.873926118947566 ] } },
{ "type": "Feature", "properties": { "objectid": 5147726.0, "service_re": 17471943.0, "subject": "Illegal Dumping", "status": "Closed", "status_not": null, "service_na": "Illegal Dumping", "service_co": "SR-ST02", "agency_res": "Streets Department", "service_no": "5 Business Days", "requested_": "2025-03-11T00:00:00", "updated_da": "2025-03-20T00:00:00", "expected_d": "2025-03-19T00:00:00", "closed_dat": "2025-03-20T00:00:00", "address": "4838 WHITAKER AVE", "zipcode": "19120", "media_url": null, "lat": 40.02248391, "lon": -75.1119639, "year": 2025, "month": 3 }, "geometry": { "type": "Point", "coordinates": [ 490445.929658258159179, 4430258.720269731245935 ] } },
{ "type": "Feature", "properties": { "objectid": 5152962.0, "service_re": 17479384.0, "subject": "Illegal Dumping", "status": "Closed", "status_not": null, "service_na": "Illegal Dumping", "service_co": "SR-ST02", "agency_res": "Streets Department", "service_no": "5 Business Days", "requested_": "2025-03-14T00:00:00", "updated_da": "2025-03-20T00:00:00", "expected_d": "2025-03-21T00:00:00", "closed_dat": "2025-03-20T00:00:00", "address": "4912 BINGHAM ST", "zipcode": "19120", "media_url": "https://d17aqltn7cihbm.cloudfront.net/uploads/large_3562da228383ae27c0fe9d6f05d84c97", "lat": 40.0237431, "lon": -75.1137445, "year": 2025, "month": 3 }, "geometry": { "type": "Point", "coordinates": [ 490294.165884226909839, 4430398.672108571045101 ] } },
{ "type": "Feature", "properties": { "objectid": 5160784.0, "service_re": 17490045.0, "subject": "Illegal Dumping", "status": "Closed", "status_not": null, "service_na": "Illegal Dumping", "service_co": "SR-ST02", "agency_res": "Streets Department", "service_no": "5 Business Days", "requested_": "2025-03-20T00:00:00", "updated_da": "2025-03-24T00:00:00", "expected_d": "2025-03-27T00:00:00", "closed_dat": "2025-03-24T00:00:00", "address": "5000 BINGHAM ST", "zipcode": "19120", "media_url": null, "lat": 40.02509641, "lon": -75.11354251, "year": 2025, "month": 3 }, "geometry": { "type": "Point", "coordinates": [ 490311.593047957343515, 4430548.854379678145051 ] } },
{ "type": "Feature", "properties": { "objectid": 5204715.0, "service_re": 17552559.0, "subject": "Illegal Dumping", "status": "Closed", "status_not": null, "service_na": "Illegal Dumping", "service_co": "SR-ST02", "agency_res": "Streets Department", "service_no": "5 Business Days", "requested_": "2025-04-22T00:00:00", "updated_da": "2025-04-29T00:00:00", "expected_d": "2025-04-29T00:00:00", "closed_dat": "2025-04-29T00:00:00", "address": "5137 BINGHAM ST", "zipcode": "19120", "media_url": null, "lat": 40.0278228, "lon": -75.11408094, "year": 2025, "month": 4 }, "geometry": { "type": "Point", "coordinates": [ 490266.037560654513072, 4430851.516872302629054 ] } },
{ "type": "Feature", "properties": { "objectid": 5206862.0, "service_re": 17555294.0, "subject": "Illegal Dumping", "status": "Closed", "status_not": null, "service_na": "Illegal Dumping", "service_co": "SR-ST02", "agency_res": "Streets Department", "service_no": "5 Business Days", "requested_": "2025-04-23T00:00:00", "updated_da": "2025-04-25T00:00:00", "expected_d": "2025-04-30T00:00:00", "closed_dat": "2025-04-25T00:00:00", "address": "5112 BINGHAM ST", "zipcode": "19120", "media_url": null, "lat": 40.02797545, "lon": -75.11416879, "year": 2025, "month": 4 }, "geometry": { "type": "Point", "coordinates": [ 490258.563513182743918, 4430868.469893090426922 ] } },
{ "type": "Feature", "properties": { "objectid": 5217257.0, "service_re": 17568497.0, "subject": "Illegal Dumping", "status": "Closed", "status_not": null, "service_na": "Illegal Dumping", "service_co": "SR-ST02", "agency_res": "Streets Department", "service_no": "5 Business Days", "requested_": "2025-04-29T00:00:00", "updated_da": "2025-05-06T00:00:00", "expected_d": "2025-05-07T00:00:00", "closed_dat": "2025-05-06T00:00:00", "address": "760 E RUSCOMB ST", "zipcode": "19124", "media_url": "https://d17aqltn7cihbm.cloudfront.net/uploads/large_1ca8e901d6d4659a84beff5f8bc3e7c6", "lat": 40.02467892, "lon": -75.11087428, "year": 2025, "month": 4 }, "geometry": { "type": "Point", "coordinates": [ 490539.211758453573566, 4430502.230521871708333 ] } },
{ "type": "Feature", "properties": { "objectid": 5225701.0, "service_re": 17579434.0, "subject": "Illegal Dumping", "status": "Closed", "status_not": null, "service_na": "Illegal Dumping", "service_co": "SR-ST02", "agency_res": "Streets Department", "service_no": "5 Business Days", "requested_": "2025-05-05T00:00:00", "updated_da": "2025-05-08T00:00:00", "expected_d": "2025-05-13T00:00:00", "closed_dat": "2025-05-08T00:00:00", "address": "E ROOSEVELT BLVD & RORER ST", "zipcode": "19124", "media_url": "https://d17aqltn7cihbm.cloudfront.net/uploads/large_553c5080b11c839c50c61d9c28570b71", "lat": 40.02665448, "lon": -75.11435555, "year": 2025, "month": 5 }, "geometry": { "type": "Point", "coordinates": [ 490242.439625343016814, 4430721.874992660246789 ] } },
{ "type": "Feature", "properties": { "objectid": 5208067.0, "service_re": 17556773.0, "subject": "Illegal Dumping", "status": "Closed", "status_not": null, "service_na": "Illegal Dumping", "service_co": "SR-ST02", "agency_res": "Streets Department", "service_no": "5 Business Days", "requested_": "2025-04-23T00:00:00", "updated_da": "2025-04-25T00:00:00", "expected_d": "2025-05-01T00:00:00", "closed_dat": "2025-04-25T00:00:00", "address": "758 E RUSCOMB ST", "zipcode": "19124", "media_url": null, "lat": 40.02468017, "lon": -75.11091032, "year": 2025, "month": 4 }, "geometry": { "type": "Point", "coordinates": [ 490536.136499301588628, 4430502.373099337331951 ] } },
{ "type": "Feature", "properties": { "objectid": 5245442.0, "service_re": 17606365.0, "subject": "Illegal Dumping", "status": "Closed", "status_not": null, "service_na": "Illegal Dumping", "service_co": "SR-ST02", "agency_res": "Streets Department", "service_no": "5 Business Days", "requested_": "2025-05-19T00:00:00", "updated_da": "2025-05-23T00:00:00", "expected_d": "2025-05-26T00:00:00", "closed_dat": "2025-05-23T00:00:00", "address": "4912 BINGHAM ST", "zipcode": "19120", "media_url": "https://d17aqltn7cihbm.cloudfront.net/uploads/large_2199535ed5ae7dd6e3e27ff4783317d8", "lat": 40.02371988, "lon": -75.1136283, "year": 2025, "month": 5 }, "geometry": { "type": "Point", "coordinates": [ 490304.078605662332848, 4430396.082312593236566 ] } },
{ "type": "Feature", "properties": { "objectid": 5265374.0, "service_re": 17632229.0, "subject": "Illegal Dumping", "status": "Closed", "status_not": null, "service_na": "Illegal Dumping", "service_co": "SR-ST02", "agency_res": "Streets Department", "service_no": "5 Business Days", "requested_": "2025-06-02T00:00:00", "updated_da": "2025-06-13T00:00:00", "expected_d": "2025-06-10T00:00:00", "closed_dat": "2025-06-10T00:00:00", "address": "5045 GRANSBACK ST", "zipcode": "19120", "media_url": null, "lat": 40.02605669, "lon": -75.11498532, "year": 2025, "month": 6 }, "geometry": { "type": "Point", "coordinates": [ 490188.618579962057993, 4430655.594468459486961 ] } },
{ "type": "Feature", "properties": { "objectid": 5284212.0, "service_re": 17688199.0, "subject": "Illegal Dumping", "status": "Closed", "status_not": null, "service_na": "Illegal Dumping", "service_co": "SR-ST02", "agency_res": "Streets Department", "service_no": "5 Business Days", "requested_": "2025-06-13T00:00:00", "updated_da": "2025-06-18T00:00:00", "expected_d": "2025-06-23T00:00:00", "closed_dat": "2025-06-18T00:00:00", "address": "5045 GRANSBACK ST", "zipcode": "19120", "media_url": null, "lat": 40.02605669, "lon": -75.11498532, "year": 2025, "month": 6 }, "geometry": { "type": "Point", "coordinates": [ 490188.618573601183016, 4430655.594464626163244 ] } },
{ "type": "Feature", "properties": { "objectid": 5294490.0, "service_re": 17808186.0, "subject": "Illegal Dumping", "status": "Closed", "status_not": null, "service_na": "Illegal Dumping", "service_co": "SR-ST02", "agency_res": "Streets Department", "service_no": "5 Business Days", "requested_": "2025-06-21T00:00:00", "updated_da": "2025-06-30T00:00:00", "expected_d": "2025-06-30T00:00:00", "closed_dat": "2025-06-30T00:00:00", "address": "E ROOSEVELT BLVD & RORER ST", "zipcode": "19124", "media_url": null, "lat": 40.02665448, "lon": -75.11435555, "year": 2025, "month": 6 }, "geometry": { "type": "Point", "coordinates": [ 490242.439625343016814, 4430721.874992660246789 ] } },
{ "type": "Feature", "properties": { "objectid": 5298964.0, "service_re": 17813765.0, "subject": "Illegal Dumping", "status": "Closed", "status_not": null, "service_na": "Illegal Dumping", "service_co": "SR-ST02", "agency_res": "Streets Department", "service_no": "5 Business Days", "requested_": "2025-06-24T00:00:00", "updated_da": "2025-06-30T00:00:00", "expected_d": "2025-07-02T00:00:00", "closed_dat": "2025-06-30T00:00:00", "address": "425 E ROOSEVELT BLVD", "zipcode": "19120", "media_url": null, "lat": 40.02729599, "lon": -75.11514832, "year": 2025, "month": 6 }, "geometry": { "type": "Point", "coordinates": [ 490174.888019879523199, 4430793.163452852517366 ] } },
{ "type": "Feature", "properties": { "objectid": 5303184.0, "service_re": 17818941.0, "subject": "Illegal Dumping", "status": "Closed", "status_not": null, "service_na": "Illegal Dumping", "service_co": "SR-ST02", "agency_res": "Streets Department", "service_no": "5 Business Days", "requested_": "2025-06-26T00:00:00", "updated_da": "2025-06-30T00:00:00", "expected_d": "2025-07-04T00:00:00", "closed_dat": "2025-06-30T00:00:00", "address": "E ROOSEVELT BLVD & RORER ST", "zipcode": "19124", "media_url": "https://d17aqltn7cihbm.cloudfront.net/uploads/large_fa52cddb6886bf16dc34f02be89c6df2", "lat": 40.02665448, "lon": -75.11435555, "year": 2025, "month": 6 }, "geometry": { "type": "Point", "coordinates": [ 490242.439625343016814, 4430721.874992660246789 ] } },
{ "type": "Feature", "properties": { "objectid": 5332408.0, "service_re": 17928444.0, "subject": "Illegal Dumping", "status": "Closed", "status_not": null, "service_na": "Illegal Dumping", "service_co": "SR-ST02", "agency_res": "Streets Department", "service_no": "5 Business Days", "requested_": "2025-07-17T00:00:00", "updated_da": "2025-07-24T00:00:00", "expected_d": "2025-07-25T00:00:00", "closed_dat": "2025-07-24T00:00:00", "address": "516 E ROOSEVELT BLVD", "zipcode": "19120", "media_url": null, "lat": 40.02639256, "lon": -75.11503077, "year": 2025, "month": 7 }, "geometry": { "type": "Point", "coordinates": [ 490184.788011897820979, 4430692.878308488056064 ] } },
{ "type": "Feature", "properties": { "objectid": 5335371.0, "service_re": 17931907.0, "subject": "Illegal Dumping", "status": "Closed", "status_not": null, "service_na": "Illegal Dumping", "service_co": "SR-ST02", "agency_res": "Streets Department", "service_no": "5 Business Days", "requested_": "2025-07-18T00:00:00", "updated_da": "2025-07-30T00:00:00", "expected_d": "2025-07-28T00:00:00", "closed_dat": "2025-07-28T00:00:00", "address": "5045 GRANSBACK ST", "zipcode": "19120", "media_url": null, "lat": 40.02605669, "lon": -75.11498532, "year": 2025, "month": 7 }, "geometry": { "type": "Point", "coordinates": [ 490188.618573601183016, 4430655.594464626163244 ] } },
{ "type": "Feature", "properties": { "objectid": 5344133.0, "service_re": 17942621.0, "subject": "Illegal Dumping", "status": "Closed", "status_not": null, "service_na": "Illegal Dumping", "service_co": "SR-ST02", "agency_res": "Streets Department", "service_no": "5 Business Days", "requested_": "2025-07-23T00:00:00", "updated_da": "2025-07-29T00:00:00", "expected_d": "2025-07-30T00:00:00", "closed_dat": "2025-07-29T00:00:00", "address": "5041 GRANSBACK ST", "zipcode": "19120", "media_url": null, "lat": 40.02596671, "lon": -75.1149921, "year": 2025, "month": 7 }, "geometry": { "type": "Point", "coordinates": [ 490188.026823204301763, 4430645.608026311732829 ] } },
{ "type": "Feature", "properties": { "objectid": 5357956.0, "service_re": 17959449.0, "subject": "Illegal Dumping", "status": "Closed", "status_not": null, "service_na": "Illegal Dumping", "service_co": "SR-ST02", "agency_res": "Streets Department", "service_no": "5 Business Days", "requested_": "2025-07-30T00:00:00", "updated_da": "2025-08-05T00:00:00", "expected_d": "2025-08-07T00:00:00", "closed_dat": "2025-08-05T00:00:00", "address": "5045 GRANSBACK ST", "zipcode": "19120", "media_url": null, "lat": 40.02605669, "lon": -75.11498532, "year": 2025, "month": 7 }, "geometry": { "type": "Point", "coordinates": [ 490188.618573601183016, 4430655.594464626163244 ] } },
{ "type": "Feature", "properties": { "objectid": 5368817.0, "service_re": 17972745.0, "subject": "Illegal Dumping", "status": "Open", "status_not": null, "service_na": "Illegal Dumping", "service_co": "SR-ST02", "agency_res": "Streets Department", "service_no": "5 Business Days", "requested_": "2025-08-06T00:00:00", "updated_da": "2025-08-06T00:00:00", "expected_d": "2025-08-14T00:00:00", "closed_dat": null, "address": "516 E ROOSEVELT BLVD", "zipcode": "19120", "media_url": null, "lat": 40.02639256, "lon": -75.11503077, "year": 2025, "month": 8 }, "geometry": { "type": "Point", "coordinates": [ 490184.788011897820979, 4430692.878308488056064 ] } },
{ "type": "Feature", "properties": { "objectid": 5384811.0, "service_re": 17992109.0, "subject": "Illegal Dumping", "status": "Closed", "status_not": null, "service_na": "Illegal Dumping", "service_co": "SR-ST02", "agency_res": "Streets Department", "service_no": "5 Business Days", "requested_": "2025-08-15T00:00:00", "updated_da": "2025-08-22T00:00:00", "expected_d": "2025-08-25T00:00:00", "closed_dat": "2025-08-22T00:00:00", "address": "500 E ROOSEVELT BLVD", "zipcode": "19120", "media_url": "https://d17aqltn7cihbm.cloudfront.net/uploads/large_c3d3b23651fc9d67d00d75d653ef66a9", "lat": 40.02630052, "lon": -75.11562871, "year": 2025, "month": 8 }, "geometry": { "type": "Point", "coordinates": [ 490133.754892475728411, 4430682.72807882539928 ] } },
{ "type": "Feature", "properties": { "objectid": 5391985.0, "service_re": 18001092.0, "subject": "Illegal Dumping", "status": "Closed", "status_not": null, "service_na": "Illegal Dumping", "service_co": "SR-ST02", "agency_res": "Streets Department", "service_no": "5 Business Days", "requested_": "2025-08-20T00:00:00", "updated_da": "2025-08-29T00:00:00", "expected_d": "2025-08-28T00:00:00", "closed_dat": "2025-08-29T00:00:00", "address": "4928 BINGHAM ST", "zipcode": "19120", "media_url": null, "lat": 40.02405359, "lon": -75.1136396, "year": 2025, "month": 8 }, "geometry": { "type": "Point", "coordinates": [ 490303.161577092600055, 4430433.121973183006048 ] } },
{ "type": "Feature", "properties": { "objectid": 5396196.0, "service_re": 18006287.0, "subject": "Illegal Dumping", "status": "Closed", "status_not": null, "service_na": "Illegal Dumping", "service_co": "SR-ST02", "agency_res": "Streets Department", "service_no": "5 Business Days", "requested_": "2025-08-24T00:00:00", "updated_da": "2025-09-02T00:00:00", "expected_d": "2025-09-01T00:00:00", "closed_dat": "2025-09-02T00:00:00", "address": "4932 BINGHAM ST", "zipcode": "19120", "media_url": "https://d17aqltn7cihbm.cloudfront.net/uploads/large_3ee1cb1cae12e347d85e9bfcee417ba0", "lat": 40.0241333, "lon": -75.11363485, "year": 2025, "month": 8 }, "geometry": { "type": "Point", "coordinates": [ 490303.577517102530692, 4430441.968331919983029 ] } },
{ "type": "Feature", "properties": { "objectid": 5404203.0, "service_re": 18015998.0, "subject": "Illegal Dumping", "status": "Closed", "status_not": null, "service_na": "Illegal Dumping", "service_co": "SR-ST02", "agency_res": "Streets Department", "service_no": "5 Business Days", "requested_": "2025-08-28T00:00:00", "updated_da": "2025-10-01T00:00:00", "expected_d": "2025-09-05T00:00:00", "closed_dat": "2025-10-01T00:00:00", "address": "4869 WHITAKER AVE", "zipcode": "19124", "media_url": null, "lat": 40.02301243, "lon": -75.11045397, "year": 2025, "month": 8 }, "geometry": { "type": "Point", "coordinates": [ 490574.847264345095027, 4430317.220734056085348 ] } },
{ "type": "Feature", "properties": { "objectid": 5398251.0, "service_re": 18008804.0, "subject": "Illegal Dumping", "status": "Closed", "status_not": null, "service_na": "Illegal Dumping", "service_co": "SR-ST02", "agency_res": "Streets Department", "service_no": "5 Business Days", "requested_": "2025-08-25T00:00:00", "updated_da": "2025-09-02T00:00:00", "expected_d": "2025-09-02T00:00:00", "closed_dat": "2025-09-02T00:00:00", "address": "5052 RORER ST", "zipcode": "19120", "media_url": null, "lat": 40.02627586, "lon": -75.11456676, "year": 2025, "month": 8 }, "geometry": { "type": "Point", "coordinates": [ 490224.364364626817405, 4430679.873917349614203 ] } },
{ "type": "Feature", "properties": { "objectid": 5398253.0, "service_re": 18008806.0, "subject": "Illegal Dumping", "status": "Closed", "status_not": null, "service_na": "Illegal Dumping", "service_co": "SR-ST02", "agency_res": "Streets Department", "service_no": "5 Business Days", "requested_": "2025-08-25T00:00:00", "updated_da": "2025-09-02T00:00:00", "expected_d": "2025-09-02T00:00:00", "closed_dat": "2025-09-02T00:00:00", "address": "4918 BINGHAM ST", "zipcode": "19120", "media_url": null, "lat": 40.02384493, "lon": -75.11365751, "year": 2025, "month": 8 }, "geometry": { "type": "Point", "coordinates": [ 490301.603157343633939, 4430409.964145385660231 ] } },
{ "type": "Feature", "properties": { "objectid": 5400760.0, "service_re": 18011887.0, "subject": "Illegal Dumping", "status": "Closed", "status_not": null, "service_na": "Illegal Dumping", "service_co": "SR-ST02", "agency_res": "Streets Department", "service_no": "5 Business Days", "requested_": "2025-08-27T00:00:00", "updated_da": "2025-09-02T00:00:00", "expected_d": "2025-09-03T00:00:00", "closed_dat": "2025-09-02T00:00:00", "address": "4910 BINGHAM ST", "zipcode": "19120", "media_url": "https://d17aqltn7cihbm.cloudfront.net/uploads/large_672a128c7362e691da334bc4c357d383", "lat": 40.02366668, "lon": -75.11367561, "year": 2025, "month": 8 }, "geometry": { "type": "Point", "coordinates": [ 490300.033907333679963, 4430390.181674943305552 ] } },
{ "type": "Feature", "properties": { "objectid": 5423141.0, "service_re": 18045526.0, "subject": "Illegal Dumping", "status": "Closed", "status_not": null, "service_na": "Illegal Dumping", "service_co": "SR-ST02", "agency_res": "Streets Department", "service_no": "5 Business Days", "requested_": "2025-09-11T00:00:00", "updated_da": "2025-09-16T00:00:00", "expected_d": "2025-09-18T00:00:00", "closed_dat": "2025-09-16T00:00:00", "address": "4908 BINGHAM ST", "zipcode": "19120", "media_url": null, "lat": 40.02362055, "lon": -75.11363729, "year": 2025, "month": 9 }, "geometry": { "type": "Point", "coordinates": [ 490303.297238628496416, 4430385.058577314950526 ] } },
{ "type": "Feature", "properties": { "objectid": 5423152.0, "service_re": 18045538.0, "subject": "Illegal Dumping", "status": "Closed", "status_not": null, "service_na": "Illegal Dumping", "service_co": "SR-ST02", "agency_res": "Streets Department", "service_no": "5 Business Days", "requested_": "2025-09-11T00:00:00", "updated_da": "2025-09-16T00:00:00", "expected_d": "2025-09-18T00:00:00", "closed_dat": "2025-09-16T00:00:00", "address": "4918 BINGHAM ST", "zipcode": "19120", "media_url": null, "lat": 40.02384493, "lon": -75.11365751, "year": 2025, "month": 9 }, "geometry": { "type": "Point", "coordinates": [ 490301.603157343633939, 4430409.964145385660231 ] } },
{ "type": "Feature", "properties": { "objectid": 5423157.0, "service_re": 18045543.0, "subject": "Illegal Dumping", "status": "Closed", "status_not": null, "service_na": "Illegal Dumping", "service_co": "SR-ST02", "agency_res": "Streets Department", "service_no": "5 Business Days", "requested_": "2025-09-11T00:00:00", "updated_da": "2025-09-16T00:00:00", "expected_d": "2025-09-18T00:00:00", "closed_dat": "2025-09-16T00:00:00", "address": "4962 BINGHAM ST", "zipcode": "19120", "media_url": null, "lat": 40.02475328, "lon": -75.11357274, "year": 2025, "month": 9 }, "geometry": { "type": "Point", "coordinates": [ 490308.965499997371808, 4430510.773108966648579 ] } },
{ "type": "Feature", "properties": { "objectid": 5423165.0, "service_re": 18045551.0, "subject": "Illegal Dumping", "status": "Closed", "status_not": null, "service_na": "Illegal Dumping", "service_co": "SR-ST02", "agency_res": "Streets Department", "service_no": "5 Business Days", "requested_": "2025-09-11T00:00:00", "updated_da": "2025-09-16T00:00:00", "expected_d": "2025-09-18T00:00:00", "closed_dat": "2025-09-16T00:00:00", "address": "5002 BINGHAM ST", "zipcode": "19120", "media_url": null, "lat": 40.02515584, "lon": -75.11360233000001, "year": 2025, "month": 9 }, "geometry": { "type": "Point", "coordinates": [ 490306.497821949713398, 4430555.456751300022006 ] } },
{ "type": "Feature", "properties": { "objectid": 5424372.0, "service_re": 18046954.0, "subject": "Illegal Dumping", "status": "Closed", "status_not": null, "service_na": "Illegal Dumping", "service_co": "SR-ST02", "agency_res": "Streets Department", "service_no": "5 Business Days", "requested_": "2025-09-11T00:00:00", "updated_da": "2025-09-18T00:00:00", "expected_d": "2025-09-19T00:00:00", "closed_dat": "2025-09-18T00:00:00", "address": "4924 BINGHAM ST", "zipcode": "19120", "media_url": null, "lat": 40.0239694, "lon": -75.11364682, "year": 2025, "month": 9 }, "geometry": { "type": "Point", "coordinates": [ 490302.532937653595582, 4430423.77862851973623 ] } },
{ "type": "Feature", "properties": { "objectid": 5430154.0, "service_re": 18054143.0, "subject": "Illegal Dumping", "status": "Closed", "status_not": null, "service_na": "Illegal Dumping", "service_co": "SR-ST02", "agency_res": "Streets Department", "service_no": "5 Business Days", "requested_": "2025-09-16T00:00:00", "updated_da": "2025-09-30T00:00:00", "expected_d": "2025-09-23T00:00:00", "closed_dat": "2025-09-30T00:00:00", "address": "4906 BINGHAM ST", "zipcode": "19120", "media_url": null, "lat": 40.02358552, "lon": -75.11368394, "year": 2025, "month": 9 }, "geometry": { "type": "Point", "coordinates": [ 490299.311244953656569, 4430381.17565764579922 ] } },
{ "type": "Feature", "properties": { "objectid": 5430196.0, "service_re": 18054193.0, "subject": "Illegal Dumping", "status": "Closed", "status_not": null, "service_na": "Illegal Dumping", "service_co": "SR-ST02", "agency_res": "Streets Department", "service_no": "5 Business Days", "requested_": "2025-09-16T00:00:00", "updated_da": "2025-09-30T00:00:00", "expected_d": "2025-09-23T00:00:00", "closed_dat": "2025-09-30T00:00:00", "address": "5002 BINGHAM ST", "zipcode": "19120", "media_url": null, "lat": 40.02515584, "lon": -75.11360233000001, "year": 2025, "month": 9 }, "geometry": { "type": "Point", "coordinates": [ 490306.497821949713398, 4430555.456751300022006 ] } },
{ "type": "Feature", "properties": { "objectid": 5483929.0, "service_re": 18619753.0, "subject": "Illegal Dumping", "status": "Closed", "status_not": null, "service_na": "Illegal Dumping", "service_co": "SR-ST02", "agency_res": "Streets Department", "service_no": "5 Business Days", "requested_": "2025-10-22T00:00:00", "updated_da": "2025-11-07T00:00:00", "expected_d": "2025-10-30T00:00:00", "closed_dat": "2025-11-07T00:00:00", "address": "4779 WHITAKER AVE", "zipcode": "19120", "media_url": "https://d17aqltn7cihbm.cloudfront.net/uploads/large_220a83587716b6606df658bf0635166f", "lat": 40.02160327, "lon": -75.1125115, "year": 2025, "month": 10 }, "geometry": { "type": "Point", "coordinates": [ 490399.078117785044014, 4430161.036825371906161 ] } },
{ "type": "Feature", "properties": { "objectid": 5483930.0, "service_re": 18619754.0, "subject": "Illegal Dumping", "status": "Closed", "status_not": null, "service_na": "Illegal Dumping", "service_co": "SR-ST02", "agency_res": "Streets Department", "service_no": "5 Business Days", "requested_": "2025-10-22T00:00:00", "updated_da": "2025-11-03T00:00:00", "expected_d": "2025-10-30T00:00:00", "closed_dat": "2025-11-03T00:00:00", "address": "4901 BINGHAM ST", "zipcode": "19120", "media_url": "https://d17aqltn7cihbm.cloudfront.net/uploads/large_42c8b58d5344bf8f4244619fb9e0f707", "lat": 40.02423035, "lon": -75.11304729, "year": 2025, "month": 10 }, "geometry": { "type": "Point", "coordinates": [ 490353.727797033032402, 4430452.676448688842356 ] } },
{ "type": "Feature", "properties": { "objectid": 5491197.0, "service_re": 18659752.0, "subject": "Illegal Dumping", "status": "Closed", "status_not": null, "service_na": "Illegal Dumping", "service_co": "SR-ST02", "agency_res": "Streets Department", "service_no": "5 Business Days", "requested_": "2025-10-28T00:00:00", "updated_da": "2025-11-05T00:00:00", "expected_d": "2025-11-05T00:00:00", "closed_dat": "2025-11-05T00:00:00", "address": "514 E ROOSEVELT BLVD", "zipcode": "19120", "media_url": null, "lat": 40.02638644, "lon": -75.11521288, "year": 2025, "month": 10 }, "geometry": { "type": "Point", "coordinates": [ 490169.248819464119151, 4430692.218407957814634 ] } },
{ "type": "Feature", "properties": { "objectid": 5508277.0, "service_re": 18777398.0, "subject": "Illegal Dumping", "status": "Closed", "status_not": null, "service_na": "Illegal Dumping", "service_co": "SR-ST02", "agency_res": "Streets Department", "service_no": "5 Business Days", "requested_": "2025-11-07T00:00:00", "updated_da": "2025-11-17T00:00:00", "expected_d": "2025-11-17T00:00:00", "closed_dat": "2025-11-17T00:00:00", "address": "5112 BINGHAM ST", "zipcode": "19120", "media_url": null, "lat": 40.02797545, "lon": -75.11416879, "year": 2025, "month": 11 }, "geometry": { "type": "Point", "coordinates": [ 490258.563513154513203, 4430868.46989306807518 ] } },
{ "type": "Feature", "properties": { "objectid": 2907530.0, "service_re": 13937810.0, "subject": "Illegal Dumping", "status": "Closed", "status_not": null, "service_na": "Illegal Dumping", "service_co": "SR-ST02", "agency_res": "Streets Department", "service_no": "5 Business Days", "requested_": "2021-02-17T00:00:00", "updated_da": "2024-05-10T00:00:00", "expected_d": "2021-02-24T00:00:00", "closed_dat": "2021-03-02T00:00:00", "address": "E LOUDON ST & WHITAKER AVE", "zipcode": null, "media_url": "https://d17aqltn7cihbm.cloudfront.net/uploads/large_3d6c7a2db11cb2c4ac871c36416ebb9e", "lat": 40.021695344299999, "lon": -75.112709796999994, "year": 2021, "month": 2 }, "geometry": { "type": "Point", "coordinates": [ 490382.170001799124293, 4430171.277602477930486 ] } },
{ "type": "Feature", "properties": { "objectid": 2924967.0, "service_re": 13961768.0, "subject": "Illegal Dumping", "status": "Closed", "status_not": null, "service_na": "Illegal Dumping", "service_co": "SR-ST02", "agency_res": "Streets Department", "service_no": "5 Business Days", "requested_": "2021-03-01T00:00:00", "updated_da": "2023-02-16T00:00:00", "expected_d": "2021-03-09T00:00:00", "closed_dat": "2021-03-11T00:00:00", "address": "5045 GRANSBACK ST", "zipcode": "19120", "media_url": null, "lat": 40.026069163499997, "lon": -75.114863103399998, "year": 2021, "month": 3 }, "geometry": { "type": "Point", "coordinates": [ 490199.048417238693219, 4430656.965597819536924 ] } },
{ "type": "Feature", "properties": { "objectid": 2931969.0, "service_re": 13981326.0, "subject": "Illegal Dumping", "status": "Closed", "status_not": null, "service_na": "Illegal Dumping", "service_co": "SR-ST02", "agency_res": "Streets Department", "service_no": "5 Business Days", "requested_": "2021-03-05T00:00:00", "updated_da": "2023-02-16T00:00:00", "expected_d": "2021-03-12T00:00:00", "closed_dat": "2021-03-15T00:00:00", "address": "5050 RORER ST", "zipcode": "19120", "media_url": null, "lat": 40.026202294299999, "lon": -75.114457192499998, "year": 2021, "month": 3 }, "geometry": { "type": "Point", "coordinates": [ 490233.702661666029599, 4430671.697314211167395 ] } },
{ "type": "Feature", "properties": { "objectid": 2944597.0, "service_re": 13999011.0, "subject": "Illegal Dumping", "status": "Closed", "status_not": null, "service_na": "Illegal Dumping", "service_co": "SR-ST02", "agency_res": "Streets Department", "service_no": "5 Business Days", "requested_": "2021-03-13T00:00:00", "updated_da": "2022-03-12T00:00:00", "expected_d": "2021-03-22T00:00:00", "closed_dat": "2021-05-16T00:00:00", "address": "5052 RORER ST", "zipcode": "19120", "media_url": null, "lat": 40.026286309100001, "lon": -75.114648408600004, "year": 2021, "month": 3 }, "geometry": { "type": "Point", "coordinates": [ 490217.398747582687065, 4430681.04315297678113 ] } },
{ "type": "Feature", "properties": { "objectid": 2949090.0, "service_re": 14005696.0, "subject": "Illegal Dumping", "status": "Closed", "status_not": null, "service_na": "Illegal Dumping", "service_co": "SR-ST02", "agency_res": "Streets Department", "service_no": "5 Business Days", "requested_": "2021-03-17T00:00:00", "updated_da": "2024-05-10T00:00:00", "expected_d": "2021-03-24T00:00:00", "closed_dat": "2021-04-01T00:00:00", "address": "E LOUDON ST & TAMPA ST", "zipcode": null, "media_url": null, "lat": 40.0216066411, "lon": -75.111835335099997, "year": 2021, "month": 3 }, "geometry": { "type": "Point", "coordinates": [ 490456.777850165381096, 4430161.338349176570773 ] } },
{ "type": "Feature", "properties": { "objectid": 2950935.0, "service_re": 14008403.0, "subject": "Illegal Dumping", "status": "Closed", "status_not": null, "service_na": "Illegal Dumping", "service_co": "SR-ST02", "agency_res": "Streets Department", "service_no": "5 Business Days", "requested_": "2021-03-18T00:00:00", "updated_da": "2022-03-12T00:00:00", "expected_d": "2021-03-26T00:00:00", "closed_dat": "2021-03-29T00:00:00", "address": "4779 TAMPA ST", "zipcode": "19120", "media_url": null, "lat": 40.021587407200002, "lon": -75.111812296300002, "year": 2021, "month": 3 }, "geometry": { "type": "Point", "coordinates": [ 490458.741135031799786, 4430159.201092720963061 ] } },
{ "type": "Feature", "properties": { "objectid": 2994081.0, "service_re": 14079825.0, "subject": "Illegal Dumping", "status": "Closed", "status_not": null, "service_na": "Illegal Dumping", "service_co": "SR-ST02", "agency_res": "Streets Department", "service_no": "5 Business Days", "requested_": "2021-04-19T00:00:00", "updated_da": "2024-05-10T00:00:00", "expected_d": "2021-04-26T00:00:00", "closed_dat": "2021-05-03T00:00:00", "address": "BINGHAM ST & E ROOSEVELT BLVD", "zipcode": null, "media_url": "https://d17aqltn7cihbm.cloudfront.net/uploads/large_cb3e4c4817248d06ac54e1533e756a67", "lat": 40.027194944500003, "lon": -75.114668774500004, "year": 2021, "month": 4 }, "geometry": { "type": "Point", "coordinates": [ 490215.790800833201502, 4430781.895539834164083 ] } },
{ "type": "Feature", "properties": { "objectid": 2994632.0, "service_re": 14080611.0, "subject": "Illegal Dumping", "status": "Closed", "status_not": null, "service_na": "Illegal Dumping", "service_co": "SR-ST02", "agency_res": "Streets Department", "service_no": "5 Business Days", "requested_": "2021-04-19T00:00:00", "updated_da": "2022-03-12T00:00:00", "expected_d": "2021-04-27T00:00:00", "closed_dat": "2021-05-03T00:00:00", "address": "4779 TAMPA ST", "zipcode": "19120", "media_url": null, "lat": 40.021587407200002, "lon": -75.111812296300002, "year": 2021, "month": 4 }, "geometry": { "type": "Point", "coordinates": [ 490458.741135031799786, 4430159.201092720963061 ] } },
{ "type": "Feature", "properties": { "objectid": 2997111.0, "service_re": 14084218.0, "subject": "Illegal Dumping", "status": "Closed", "status_not": null, "service_na": "Illegal Dumping", "service_co": "SR-ST02", "agency_res": "Streets Department", "service_no": "5 Business Days", "requested_": "2021-04-21T00:00:00", "updated_da": "2023-02-16T00:00:00", "expected_d": "2021-04-28T00:00:00", "closed_dat": "2021-05-03T00:00:00", "address": "4761 TAMPA ST", "zipcode": "19120", "media_url": null, "lat": 40.021224836000002, "lon": -75.111863944899994, "year": 2021, "month": 4 }, "geometry": { "type": "Point", "coordinates": [ 490454.283285609213635, 4430118.964608687907457 ] } },
{ "type": "Feature", "properties": { "objectid": 2999477.0, "service_re": 14087677.0, "subject": "Illegal Dumping", "status": "Closed", "status_not": null, "service_na": "Illegal Dumping", "service_co": "SR-ST02", "agency_res": "Streets Department", "service_no": "5 Business Days", "requested_": "2021-04-22T00:00:00", "updated_da": "2024-05-11T00:00:00", "expected_d": "2021-04-29T00:00:00", "closed_dat": "2021-05-11T00:00:00", "address": "E LOUDON ST & WHITAKER AVE", "zipcode": null, "media_url": "https://d17aqltn7cihbm.cloudfront.net/uploads/large_73e5d272cb7448fce644fc65177b2cee", "lat": 40.021695344299999, "lon": -75.112709796999994, "year": 2021, "month": 4 }, "geometry": { "type": "Point", "coordinates": [ 490382.170001799124293, 4430171.277602477930486 ] } },
{ "type": "Feature", "properties": { "objectid": 3023079.0, "service_re": 14120462.0, "subject": "Illegal Dumping", "status": "Closed", "status_not": null, "service_na": "Illegal Dumping", "service_co": "SR-ST02", "agency_res": "Streets Department", "service_no": "5 Business Days", "requested_": "2021-05-06T00:00:00", "updated_da": "2022-03-12T00:00:00", "expected_d": "2021-05-14T00:00:00", "closed_dat": "2021-05-24T00:00:00", "address": "4901 BINGHAM ST", "zipcode": "19120", "media_url": null, "lat": 40.023531692100001, "lon": -75.113450978900005, "year": 2021, "month": 5 }, "geometry": { "type": "Point", "coordinates": [ 490319.182485278346576, 4430375.175389829091728 ] } },
{ "type": "Feature", "properties": { "objectid": 3040193.0, "service_re": 14145146.0, "subject": "Illegal Dumping", "status": "Closed", "status_not": null, "service_na": "Illegal Dumping", "service_co": "SR-ST02", "agency_res": "Streets Department", "service_no": "5 Business Days", "requested_": "2021-05-19T00:00:00", "updated_da": "2024-05-10T00:00:00", "expected_d": "2021-05-26T00:00:00", "closed_dat": "2021-05-25T00:00:00", "address": "BINGHAM ST & E RUSCOMB ST", "zipcode": null, "media_url": null, "lat": 40.024917176199999, "lon": -75.113323669799996, "year": 2021, "month": 5 }, "geometry": { "type": "Point", "coordinates": [ 490330.241427509346977, 4430528.937448400072753 ] } },
{ "type": "Feature", "properties": { "objectid": 3040449.0, "service_re": 14145430.0, "subject": "Illegal Dumping", "status": "Closed", "status_not": null, "service_na": "Illegal Dumping", "service_co": "SR-ST02", "agency_res": "Streets Department", "service_no": "5 Business Days", "requested_": "2021-05-19T00:00:00", "updated_da": "2022-03-12T00:00:00", "expected_d": "2021-05-26T00:00:00", "closed_dat": "2021-05-26T00:00:00", "address": "4924 BINGHAM ST", "zipcode": "19120", "media_url": null, "lat": 40.023979110399999, "lon": -75.113422631299997, "year": 2021, "month": 5 }, "geometry": { "type": "Point", "coordinates": [ 490321.664615555026103, 4430424.831586608663201 ] } },
{ "type": "Feature", "properties": { "objectid": 3052663.0, "service_re": 14161621.0, "subject": "Illegal Dumping", "status": "Closed", "status_not": null, "service_na": "Illegal Dumping", "service_co": "SR-ST02", "agency_res": "Streets Department", "service_no": "5 Business Days", "requested_": "2021-05-26T00:00:00", "updated_da": "2022-03-12T00:00:00", "expected_d": "2021-06-02T00:00:00", "closed_dat": "2021-06-12T00:00:00", "address": "4924 BINGHAM ST", "zipcode": "19120", "media_url": null, "lat": 40.023979110399999, "lon": -75.113422631299997, "year": 2021, "month": 5 }, "geometry": { "type": "Point", "coordinates": [ 490321.664615555026103, 4430424.831586608663201 ] } },
{ "type": "Feature", "properties": { "objectid": 3052664.0, "service_re": 14161622.0, "subject": "Illegal Dumping", "status": "Closed", "status_not": null, "service_na": "Illegal Dumping", "service_co": "SR-ST02", "agency_res": "Streets Department", "service_no": "5 Business Days", "requested_": "2021-05-26T00:00:00", "updated_da": "2022-03-12T00:00:00", "expected_d": "2021-06-02T00:00:00", "closed_dat": "2021-06-12T00:00:00", "address": "4934 BINGHAM ST", "zipcode": "19120", "media_url": null, "lat": 40.024187943199998, "lon": -75.113406532599996, "year": 2021, "month": 5 }, "geometry": { "type": "Point", "coordinates": [ 490323.067823495832272, 4430448.008335538208485 ] } },
{ "type": "Feature", "properties": { "objectid": 3052666.0, "service_re": 14161624.0, "subject": "Illegal Dumping", "status": "Closed", "status_not": null, "service_na": "Illegal Dumping", "service_co": "SR-ST02", "agency_res": "Streets Department", "service_no": "5 Business Days", "requested_": "2021-05-26T00:00:00", "updated_da": "2022-03-12T00:00:00", "expected_d": "2021-06-02T00:00:00", "closed_dat": "2021-06-12T00:00:00", "address": "4954 BINGHAM ST", "zipcode": "19120", "media_url": null, "lat": 40.024606007599999, "lon": -75.113371914799998, "year": 2021, "month": 5 }, "geometry": { "type": "Point", "coordinates": [ 490326.080795869871508, 4430494.405853144824505 ] } },
{ "type": "Feature", "properties": { "objectid": 3052668.0, "service_re": 14161626.0, "subject": "Illegal Dumping", "status": "Closed", "status_not": null, "service_na": "Illegal Dumping", "service_co": "SR-ST02", "agency_res": "Streets Department", "service_no": "5 Business Days", "requested_": "2021-05-26T00:00:00", "updated_da": "2024-05-10T00:00:00", "expected_d": "2021-06-02T00:00:00", "closed_dat": "2021-06-12T00:00:00", "address": "BINGHAM ST & E RUSCOMB ST", "zipcode": null, "media_url": null, "lat": 40.024917176199999, "lon": -75.113323669799996, "year": 2021, "month": 5 }, "geometry": { "type": "Point", "coordinates": [ 490330.241427509346977, 4430528.937448400072753 ] } },
{ "type": "Feature", "properties": { "objectid": 3089220.0, "service_re": 14208844.0, "subject": "Illegal Dumping", "status": "Closed", "status_not": null, "service_na": "Illegal Dumping", "service_co": "SR-ST02", "agency_res": "Streets Department", "service_no": "5 Business Days", "requested_": "2021-06-16T00:00:00", "updated_da": "2024-05-10T00:00:00", "expected_d": "2021-06-23T00:00:00", "closed_dat": "2021-07-03T00:00:00", "address": "BINGHAM ST & E RUSCOMB ST", "zipcode": null, "media_url": null, "lat": 40.024917176199999, "lon": -75.113323669799996, "year": 2021, "month": 6 }, "geometry": { "type": "Point", "coordinates": [ 490330.241427509346977, 4430528.937448400072753 ] } },
{ "type": "Feature", "properties": { "objectid": 3089228.0, "service_re": 14208852.0, "subject": "Illegal Dumping", "status": "Closed", "status_not": null, "service_na": "Illegal Dumping", "service_co": "SR-ST02", "agency_res": "Streets Department", "service_no": "5 Business Days", "requested_": "2021-06-16T00:00:00", "updated_da": "2023-02-16T00:00:00", "expected_d": "2021-06-23T00:00:00", "closed_dat": "2021-07-03T00:00:00", "address": "4924 BINGHAM ST", "zipcode": "19120", "media_url": null, "lat": 40.023979110399999, "lon": -75.113422631299997, "year": 2021, "month": 6 }, "geometry": { "type": "Point", "coordinates": [ 490321.664615555026103, 4430424.831586608663201 ] } },
{ "type": "Feature", "properties": { "objectid": 3089243.0, "service_re": 14208867.0, "subject": "Illegal Dumping", "status": "Closed", "status_not": null, "service_na": "Illegal Dumping", "service_co": "SR-ST02", "agency_res": "Streets Department", "service_no": "5 Business Days", "requested_": "2021-06-16T00:00:00", "updated_da": "2023-02-16T00:00:00", "expected_d": "2021-06-23T00:00:00", "closed_dat": "2021-07-03T00:00:00", "address": "4934 BINGHAM ST", "zipcode": "19120", "media_url": null, "lat": 40.024187943199998, "lon": -75.113406532599996, "year": 2021, "month": 6 }, "geometry": { "type": "Point", "coordinates": [ 490323.067823495832272, 4430448.008335538208485 ] } },
{ "type": "Feature", "properties": { "objectid": 3106839.0, "service_re": 14232609.0, "subject": "Illegal Dumping", "status": "Closed", "status_not": null, "service_na": "Illegal Dumping", "service_co": "SR-ST02", "agency_res": "Streets Department", "service_no": "5 Business Days", "requested_": "2021-06-25T00:00:00", "updated_da": "2022-03-12T00:00:00", "expected_d": "2021-07-02T00:00:00", "closed_dat": "2021-07-08T00:00:00", "address": "4922 BINGHAM ST", "zipcode": "19120", "media_url": null, "lat": 40.0239377097, "lon": -75.113425546100004, "year": 2021, "month": 6 }, "geometry": { "type": "Point", "coordinates": [ 490321.410049404425081, 4430420.236811076290905 ] } },
{ "type": "Feature", "properties": { "objectid": 3189416.0, "service_re": 14343514.0, "subject": "Illegal Dumping", "status": "Closed", "status_not": null, "service_na": "Illegal Dumping", "service_co": "SR-ST02", "agency_res": "Streets Department", "service_no": "5 Business Days", "requested_": "2021-08-12T00:00:00", "updated_da": "2022-03-12T00:00:00", "expected_d": "2021-08-20T00:00:00", "closed_dat": "2021-08-29T00:00:00", "address": "4924 BINGHAM ST", "zipcode": "19120", "media_url": null, "lat": 40.023979110399999, "lon": -75.113422631299997, "year": 2021, "month": 8 }, "geometry": { "type": "Point", "coordinates": [ 490321.664615555026103, 4430424.831586608663201 ] } },
{ "type": "Feature", "properties": { "objectid": 3189421.0, "service_re": 14343519.0, "subject": "Illegal Dumping", "status": "Closed", "status_not": null, "service_na": "Illegal Dumping", "service_co": "SR-ST02", "agency_res": "Streets Department", "service_no": "5 Business Days", "requested_": "2021-08-12T00:00:00", "updated_da": "2022-03-12T00:00:00", "expected_d": "2021-08-20T00:00:00", "closed_dat": "2021-08-29T00:00:00", "address": "4934 BINGHAM ST", "zipcode": "19120", "media_url": null, "lat": 40.024187943199998, "lon": -75.113406532599996, "year": 2021, "month": 8 }, "geometry": { "type": "Point", "coordinates": [ 490323.067823495832272, 4430448.008335538208485 ] } },
{ "type": "Feature", "properties": { "objectid": 3189426.0, "service_re": 14343525.0, "subject": "Illegal Dumping", "status": "Closed", "status_not": null, "service_na": "Illegal Dumping", "service_co": "SR-ST02", "agency_res": "Streets Department", "service_no": "5 Business Days", "requested_": "2021-08-12T00:00:00", "updated_da": "2022-03-12T00:00:00", "expected_d": "2021-08-20T00:00:00", "closed_dat": "2021-08-29T00:00:00", "address": "4938 BINGHAM ST", "zipcode": "19120", "media_url": null, "lat": 40.0242699581, "lon": -75.113400111299995, "year": 2021, "month": 8 }, "geometry": { "type": "Point", "coordinates": [ 490323.627339143538848, 4430457.11053819861263 ] } },
{ "type": "Feature", "properties": { "objectid": 3189429.0, "service_re": 14343529.0, "subject": "Illegal Dumping", "status": "Closed", "status_not": null, "service_na": "Illegal Dumping", "service_co": "SR-ST02", "agency_res": "Streets Department", "service_no": "5 Business Days", "requested_": "2021-08-12T00:00:00", "updated_da": "2022-03-12T00:00:00", "expected_d": "2021-08-20T00:00:00", "closed_dat": "2021-08-29T00:00:00", "address": "4940 BINGHAM ST", "zipcode": "19120", "media_url": null, "lat": 40.0243113358, "lon": -75.113396871600003, "year": 2021, "month": 8 }, "geometry": { "type": "Point", "coordinates": [ 490323.909622694889549, 4430461.702727908268571 ] } },
{ "type": "Feature", "properties": { "objectid": 3189433.0, "service_re": 14343533.0, "subject": "Illegal Dumping", "status": "Closed", "status_not": null, "service_na": "Illegal Dumping", "service_co": "SR-ST02", "agency_res": "Streets Department", "service_no": "5 Business Days", "requested_": "2021-08-12T00:00:00", "updated_da": "2022-03-12T00:00:00", "expected_d": "2021-08-20T00:00:00", "closed_dat": "2021-08-29T00:00:00", "address": "4944 BINGHAM ST", "zipcode": "19120", "media_url": null, "lat": 40.024394483599998, "lon": -75.113389998700001, "year": 2021, "month": 8 }, "geometry": { "type": "Point", "coordinates": [ 490324.507828923116904, 4430470.930615710094571 ] } },
{ "type": "Feature", "properties": { "objectid": 3189437.0, "service_re": 14343537.0, "subject": "Illegal Dumping", "status": "Closed", "status_not": null, "service_na": "Illegal Dumping", "service_co": "SR-ST02", "agency_res": "Streets Department", "service_no": "5 Business Days", "requested_": "2021-08-12T00:00:00", "updated_da": "2022-03-12T00:00:00", "expected_d": "2021-08-20T00:00:00", "closed_dat": "2021-08-29T00:00:00", "address": "4950 BINGHAM ST", "zipcode": "19120", "media_url": null, "lat": 40.024522145600002, "lon": -75.113378933600004, "year": 2021, "month": 8 }, "geometry": { "type": "Point", "coordinates": [ 490325.470041891094297, 4430485.098705852404237 ] } },
{ "type": "Feature", "properties": { "objectid": 3189438.0, "service_re": 14343540.0, "subject": "Illegal Dumping", "status": "Closed", "status_not": null, "service_na": "Illegal Dumping", "service_co": "SR-ST02", "agency_res": "Streets Department", "service_no": "5 Business Days", "requested_": "2021-08-12T00:00:00", "updated_da": "2022-03-12T00:00:00", "expected_d": "2021-08-20T00:00:00", "closed_dat": "2021-08-29T00:00:00", "address": "4952 BINGHAM ST", "zipcode": "19120", "media_url": null, "lat": 40.024564450500002, "lon": -75.113375282899995, "year": 2021, "month": 8 }, "geometry": { "type": "Point", "coordinates": [ 490325.787526137311943, 4430489.793768208473921 ] } },
{ "type": "Feature", "properties": { "objectid": 3189442.0, "service_re": 14343544.0, "subject": "Illegal Dumping", "status": "Closed", "status_not": null, "service_na": "Illegal Dumping", "service_co": "SR-ST02", "agency_res": "Streets Department", "service_no": "5 Business Days", "requested_": "2021-08-12T00:00:00", "updated_da": "2022-03-12T00:00:00", "expected_d": "2021-08-20T00:00:00", "closed_dat": "2021-08-29T00:00:00", "address": "4954 BINGHAM ST", "zipcode": "19120", "media_url": null, "lat": 40.024606007599999, "lon": -75.113371914799998, "year": 2021, "month": 8 }, "geometry": { "type": "Point", "coordinates": [ 490326.080795869871508, 4430494.405853144824505 ] } },
{ "type": "Feature", "properties": { "objectid": 3189446.0, "service_re": 14343548.0, "subject": "Illegal Dumping", "status": "Closed", "status_not": null, "service_na": "Illegal Dumping", "service_co": "SR-ST02", "agency_res": "Streets Department", "service_no": "5 Business Days", "requested_": "2021-08-12T00:00:00", "updated_da": "2022-03-12T00:00:00", "expected_d": "2021-08-20T00:00:00", "closed_dat": "2021-08-29T00:00:00", "address": "4960 BINGHAM ST", "zipcode": "19120", "media_url": null, "lat": 40.0247301721, "lon": -75.113361851400001, "year": 2021, "month": 8 }, "geometry": { "type": "Point", "coordinates": [ 490326.957028824253939, 4430508.185865766368806 ] } },
{ "type": "Feature", "properties": { "objectid": 3189451.0, "service_re": 14343556.0, "subject": "Illegal Dumping", "status": "Closed", "status_not": null, "service_na": "Illegal Dumping", "service_co": "SR-ST02", "agency_res": "Streets Department", "service_no": "5 Business Days", "requested_": "2021-08-12T00:00:00", "updated_da": "2022-03-12T00:00:00", "expected_d": "2021-08-20T00:00:00", "closed_dat": "2021-08-29T00:00:00", "address": "4924 BINGHAM ST", "zipcode": "19120", "media_url": null, "lat": 40.023979110399999, "lon": -75.113422631299997, "year": 2021, "month": 8 }, "geometry": { "type": "Point", "coordinates": [ 490321.664615555026103, 4430424.831586608663201 ] } },
{ "type": "Feature", "properties": { "objectid": 3225392.0, "service_re": 14390328.0, "subject": "Illegal Dumping", "status": "Closed", "status_not": null, "service_na": "Illegal Dumping", "service_co": "SR-ST02", "agency_res": "Streets Department", "service_no": "5 Business Days", "requested_": "2021-09-02T00:00:00", "updated_da": "2024-05-10T00:00:00", "expected_d": "2021-09-10T00:00:00", "closed_dat": "2021-09-20T00:00:00", "address": "BINGHAM ST & E RUSCOMB ST", "zipcode": null, "media_url": null, "lat": 40.024917176199999, "lon": -75.113323669799996, "year": 2021, "month": 9 }, "geometry": { "type": "Point", "coordinates": [ 490330.241427509346977, 4430528.937448400072753 ] } },
{ "type": "Feature", "properties": { "objectid": 3258184.0, "service_re": 14436230.0, "subject": "Illegal Dumping", "status": "Closed", "status_not": null, "service_na": "Illegal Dumping", "service_co": "SR-ST02", "agency_res": "Streets Department", "service_no": "5 Business Days", "requested_": "2021-09-22T00:00:00", "updated_da": "2024-05-11T00:00:00", "expected_d": "2021-09-30T00:00:00", "closed_dat": "2021-09-30T00:00:00", "address": "E LOUDON ST & TAMPA ST", "zipcode": null, "media_url": null, "lat": 40.0216066411, "lon": -75.111835335099997, "year": 2021, "month": 9 }, "geometry": { "type": "Point", "coordinates": [ 490456.777850165381096, 4430161.338349176570773 ] } },
{ "type": "Feature", "properties": { "objectid": 3262494.0, "service_re": 14441803.0, "subject": "Illegal Dumping", "status": "Closed", "status_not": null, "service_na": "Illegal Dumping", "service_co": "SR-ST02", "agency_res": "Streets Department", "service_no": "5 Business Days", "requested_": "2021-09-24T00:00:00", "updated_da": "2022-03-12T00:00:00", "expected_d": "2021-10-04T00:00:00", "closed_dat": "2021-10-05T00:00:00", "address": "524 E ROOSEVELT BLVD", "zipcode": "19120", "media_url": null, "lat": 40.026414791400001, "lon": -75.114660239700001, "year": 2021, "month": 9 }, "geometry": { "type": "Point", "coordinates": [ 490216.407595788594335, 4430695.304803983308375 ] } },
{ "type": "Feature", "properties": { "objectid": 3280427.0, "service_re": 14464853.0, "subject": "Illegal Dumping", "status": "Closed", "status_not": null, "service_na": "Illegal Dumping", "service_co": "SR-ST02", "agency_res": "Streets Department", "service_no": "5 Business Days", "requested_": "2021-10-05T00:00:00", "updated_da": "2022-03-12T00:00:00", "expected_d": "2021-10-13T00:00:00", "closed_dat": "2021-10-19T00:00:00", "address": "4956 GRANSBACK ST", "zipcode": "19120", "media_url": null, "lat": 40.024823710299998, "lon": -75.115100416499999, "year": 2021, "month": 10 }, "geometry": { "type": "Point", "coordinates": [ 490178.620549010636751, 4430518.757953422144055 ] } },
{ "type": "Feature", "properties": { "objectid": 3329727.0, "service_re": 14533161.0, "subject": "Illegal Dumping", "status": "Closed", "status_not": null, "service_na": "Illegal Dumping", "service_co": "SR-ST02", "agency_res": "Streets Department", "service_no": "5 Business Days", "requested_": "2021-11-03T00:00:00", "updated_da": "2023-02-16T00:00:00", "expected_d": "2021-11-10T00:00:00", "closed_dat": "2021-11-12T00:00:00", "address": "770 E RUSCOMB ST", "zipcode": "19124", "media_url": null, "lat": 40.024767991399997, "lon": -75.109798899300003, "year": 2021, "month": 11 }, "geometry": { "type": "Point", "coordinates": [ 490630.985083375766408, 4430512.002684913575649 ] } },
{ "type": "Feature", "properties": { "objectid": 3335094.0, "service_re": 14539910.0, "subject": "Illegal Dumping", "status": "Closed", "status_not": null, "service_na": "Illegal Dumping", "service_co": "SR-ST02", "agency_res": "Streets Department", "service_no": "5 Business Days", "requested_": "2021-11-05T00:00:00", "updated_da": "2023-02-16T00:00:00", "expected_d": "2021-11-15T00:00:00", "closed_dat": "2021-11-12T00:00:00", "address": "770 E RUSCOMB ST", "zipcode": "19124", "media_url": "https://d17aqltn7cihbm.cloudfront.net/uploads/large_09cb53a3c5eabff3780ace3a5faeecc4", "lat": 40.024767991399997, "lon": -75.109798899300003, "year": 2021, "month": 11 }, "geometry": { "type": "Point", "coordinates": [ 490630.985083375766408, 4430512.002684913575649 ] } },
{ "type": "Feature", "properties": { "objectid": 3382388.0, "service_re": 14609429.0, "subject": "Illegal Dumping", "status": "Closed", "status_not": null, "service_na": "Illegal Dumping", "service_co": "SR-ST02", "agency_res": "Streets Department", "service_no": "5 Business Days", "requested_": "2021-12-09T00:00:00", "updated_da": "2023-02-16T00:00:00", "expected_d": "2021-12-17T00:00:00", "closed_dat": "2022-01-01T00:00:00", "address": "4926 BINGHAM ST", "zipcode": "19120", "media_url": null, "lat": 40.024021021499998, "lon": -75.113419410800006, "year": 2021, "month": 12 }, "geometry": { "type": "Point", "coordinates": [ 490321.945342108549085, 4430429.482978142797947 ] } },
{ "type": "Feature", "properties": { "objectid": 3382395.0, "service_re": 14609440.0, "subject": "Illegal Dumping", "status": "Closed", "status_not": null, "service_na": "Illegal Dumping", "service_co": "SR-ST02", "agency_res": "Streets Department", "service_no": "5 Business Days", "requested_": "2021-12-09T00:00:00", "updated_da": "2023-02-16T00:00:00", "expected_d": "2021-12-17T00:00:00", "closed_dat": "2022-01-01T00:00:00", "address": "4964 BINGHAM ST", "zipcode": "19120", "media_url": null, "lat": 40.024813496699998, "lon": -75.113357836099993, "year": 2021, "month": 12 }, "geometry": { "type": "Point", "coordinates": [ 490327.311414226598572, 4430517.433682726696134 ] } },
{ "type": "Feature", "properties": { "objectid": 3382396.0, "service_re": 14609441.0, "subject": "Illegal Dumping", "status": "Closed", "status_not": null, "service_na": "Illegal Dumping", "service_co": "SR-ST02", "agency_res": "Streets Department", "service_no": "5 Business Days", "requested_": "2021-12-09T00:00:00", "updated_da": "2023-02-16T00:00:00", "expected_d": "2021-12-17T00:00:00", "closed_dat": "2022-01-01T00:00:00", "address": "4964 BINGHAM ST", "zipcode": "19120", "media_url": null, "lat": 40.024813496699998, "lon": -75.113357836099993, "year": 2021, "month": 12 }, "geometry": { "type": "Point", "coordinates": [ 490327.311414226598572, 4430517.433682726696134 ] } },
{ "type": "Feature", "properties": { "objectid": 3382409.0, "service_re": 14609457.0, "subject": "Illegal Dumping", "status": "Closed", "status_not": null, "service_na": "Illegal Dumping", "service_co": "SR-ST02", "agency_res": "Streets Department", "service_no": "5 Business Days", "requested_": "2021-12-09T00:00:00", "updated_da": "2023-02-16T00:00:00", "expected_d": "2021-12-17T00:00:00", "closed_dat": "2022-01-01T00:00:00", "address": "4844 BINGHAM ST", "zipcode": "19120", "media_url": null, "lat": 40.0231471994, "lon": -75.113782617599995, "year": 2021, "month": 12 }, "geometry": { "type": "Point", "coordinates": [ 490290.829115611559246, 4430332.536356283351779 ] } },
{ "type": "Feature", "properties": { "objectid": 3404170.0, "service_re": 14637996.0, "subject": "Illegal Dumping", "status": "Closed", "status_not": null, "service_na": "Illegal Dumping", "service_co": "SR-ST02", "agency_res": "Streets Department", "service_no": "5 Business Days", "requested_": "2021-12-28T00:00:00", "updated_da": "2023-02-16T00:00:00", "expected_d": "2022-01-04T00:00:00", "closed_dat": "2022-01-21T00:00:00", "address": "425 E ROOSEVELT BLVD", "zipcode": "19120", "media_url": null, "lat": 40.027127927800002, "lon": -75.115304027199997, "year": 2021, "month": 12 }, "geometry": { "type": "Point", "coordinates": [ 490161.577687424549367, 4430774.527259445749223 ] } },
{ "type": "Feature", "properties": { "objectid": 3412090.0, "service_re": 14648099.0, "subject": "Illegal Dumping", "status": "Closed", "status_not": null, "service_na": "Illegal Dumping", "service_co": "SR-ST02", "agency_res": "Streets Department", "service_no": "5 Business Days", "requested_": "2022-01-03T00:00:00", "updated_da": "2023-02-16T00:00:00", "expected_d": "2022-01-10T00:00:00", "closed_dat": "2022-01-21T00:00:00", "address": "4928 BINGHAM ST", "zipcode": "19120", "media_url": null, "lat": 40.024063416499999, "lon": -75.113416153100005, "year": 2022, "month": 1 }, "geometry": { "type": "Point", "coordinates": [ 490322.229310279770289, 4430434.188080297783017 ] } },
{ "type": "Feature", "properties": { "objectid": 3412854.0, "service_re": 14649123.0, "subject": "Illegal Dumping", "status": "Closed", "status_not": null, "service_na": "Illegal Dumping", "service_co": "SR-ST02", "agency_res": "Streets Department", "service_no": "5 Business Days", "requested_": "2022-01-03T00:00:00", "updated_da": "2023-02-16T00:00:00", "expected_d": "2022-01-10T00:00:00", "closed_dat": "2022-01-21T00:00:00", "address": "4934 BINGHAM ST", "zipcode": "19120", "media_url": null, "lat": 40.024187943199998, "lon": -75.113406532599996, "year": 2022, "month": 1 }, "geometry": { "type": "Point", "coordinates": [ 490323.067823495832272, 4430448.008335538208485 ] } },
{ "type": "Feature", "properties": { "objectid": 3432497.0, "service_re": 14675057.0, "subject": "Illegal Dumping", "status": "Closed", "status_not": null, "service_na": "Illegal Dumping", "service_co": "SR-ST02", "agency_res": "Streets Department", "service_no": "5 Business Days", "requested_": "2022-01-15T00:00:00", "updated_da": "2023-02-16T00:00:00", "expected_d": "2022-01-24T00:00:00", "closed_dat": "2022-01-26T00:00:00", "address": "770 E RUSCOMB ST", "zipcode": "19124", "media_url": null, "lat": 40.024767991399997, "lon": -75.109798899300003, "year": 2022, "month": 1 }, "geometry": { "type": "Point", "coordinates": [ 490630.985083375766408, 4430512.002684913575649 ] } },
{ "type": "Feature", "properties": { "objectid": 3420784.0, "service_re": 14659625.0, "subject": "Illegal Dumping", "status": "Closed", "status_not": null, "service_na": "Illegal Dumping", "service_co": "SR-ST02", "agency_res": "Streets Department", "service_no": "5 Business Days", "requested_": "2022-01-07T00:00:00", "updated_da": "2023-02-16T00:00:00", "expected_d": "2022-01-14T00:00:00", "closed_dat": "2022-01-21T00:00:00", "address": "4879 WHITAKER AVE", "zipcode": "19124", "media_url": null, "lat": 40.023452001599999, "lon": -75.110895835600004, "year": 2022, "month": 1 }, "geometry": { "type": "Point", "coordinates": [ 490537.202927011006977, 4430366.055969338864088 ] } },
{ "type": "Feature", "properties": { "objectid": 3420815.0, "service_re": 14659666.0, "subject": "Illegal Dumping", "status": "Closed", "status_not": null, "service_na": "Illegal Dumping", "service_co": "SR-ST02", "agency_res": "Streets Department", "service_no": "5 Business Days", "requested_": "2022-01-07T00:00:00", "updated_da": "2023-02-16T00:00:00", "expected_d": "2022-01-14T00:00:00", "closed_dat": "2022-01-21T00:00:00", "address": "4879 WHITAKER AVE", "zipcode": "19124", "media_url": "https://d17aqltn7cihbm.cloudfront.net/uploads/large_e9d9249b44cc62da0bf3812078859f47", "lat": 40.023452001599999, "lon": -75.110895835600004, "year": 2022, "month": 1 }, "geometry": { "type": "Point", "coordinates": [ 490537.202927011006977, 4430366.055969338864088 ] } },
{ "type": "Feature", "properties": { "objectid": 3450631.0, "service_re": 14699737.0, "subject": "Illegal Dumping", "status": "Closed", "status_not": null, "service_na": "Illegal Dumping", "service_co": "SR-ST02", "agency_res": "Streets Department", "service_no": "5 Business Days", "requested_": "2022-01-28T00:00:00", "updated_da": "2023-02-16T00:00:00", "expected_d": "2022-02-04T00:00:00", "closed_dat": "2022-02-15T00:00:00", "address": "4958 BINGHAM ST", "zipcode": "19120", "media_url": null, "lat": 40.024689965699999, "lon": -75.113365110100005, "year": 2022, "month": 1 }, "geometry": { "type": "Point", "coordinates": [ 490326.67329087672988, 4430503.723682060837746 ] } },
{ "type": "Feature", "properties": { "objectid": 3450636.0, "service_re": 14699757.0, "subject": "Illegal Dumping", "status": "Closed", "status_not": null, "service_na": "Illegal Dumping", "service_co": "SR-ST02", "agency_res": "Streets Department", "service_no": "5 Business Days", "requested_": "2022-01-28T00:00:00", "updated_da": "2023-02-16T00:00:00", "expected_d": "2022-02-04T00:00:00", "closed_dat": "2022-02-15T00:00:00", "address": "5000 BINGHAM ST", "zipcode": "19120", "media_url": null, "lat": 40.0250932573, "lon": -75.113447777299996, "year": 2022, "month": 1 }, "geometry": { "type": "Point", "coordinates": [ 490319.676377044175752, 4430548.494290791451931 ] } },
{ "type": "Feature", "properties": { "objectid": 3451020.0, "service_re": 14700336.0, "subject": "Illegal Dumping", "status": "Closed", "status_not": null, "service_na": "Illegal Dumping", "service_co": "SR-ST02", "agency_res": "Streets Department", "service_no": "5 Business Days", "requested_": "2022-01-28T00:00:00", "updated_da": "2023-02-16T00:00:00", "expected_d": "2022-02-04T00:00:00", "closed_dat": "2022-02-18T00:00:00", "address": "3801 E ROOSEVELT BLVD", "zipcode": "19124", "media_url": null, "lat": 40.026794858400002, "lon": -75.1133031512, "year": 2022, "month": 1 }, "geometry": { "type": "Point", "coordinates": [ 490332.2573057495174, 4430737.34057848714292 ] } },
{ "type": "Feature", "properties": { "objectid": 3453380.0, "service_re": 14703694.0, "subject": "Illegal Dumping", "status": "Closed", "status_not": null, "service_na": "Illegal Dumping", "service_co": "SR-ST02", "agency_res": "Streets Department", "service_no": "5 Business Days", "requested_": "2022-01-31T00:00:00", "updated_da": "2023-02-16T00:00:00", "expected_d": "2022-02-07T00:00:00", "closed_dat": "2022-02-18T00:00:00", "address": "770 E RUSCOMB ST", "zipcode": "19124", "media_url": "https://d17aqltn7cihbm.cloudfront.net/uploads/large_4878e313ca76f2cebf0472cecd65526d", "lat": 40.024767991399997, "lon": -75.109798899300003, "year": 2022, "month": 1 }, "geometry": { "type": "Point", "coordinates": [ 490630.985083375766408, 4430512.002684913575649 ] } },
{ "type": "Feature", "properties": { "objectid": 3501420.0, "service_re": 14767116.0, "subject": "Illegal Dumping", "status": "Closed", "status_not": null, "service_na": "Illegal Dumping", "service_co": "SR-ST02", "agency_res": "Streets Department", "service_no": "5 Business Days", "requested_": "2022-03-01T00:00:00", "updated_da": "2023-02-16T00:00:00", "expected_d": "2022-03-09T00:00:00", "closed_dat": "2022-03-16T00:00:00", "address": "4926 BINGHAM ST", "zipcode": "19120", "media_url": null, "lat": 40.024021021499998, "lon": -75.113419410800006, "year": 2022, "month": 3 }, "geometry": { "type": "Point", "coordinates": [ 490321.945342108549085, 4430429.482978142797947 ] } },
{ "type": "Feature", "properties": { "objectid": 3501423.0, "service_re": 14767120.0, "subject": "Illegal Dumping", "status": "Closed", "status_not": null, "service_na": "Illegal Dumping", "service_co": "SR-ST02", "agency_res": "Streets Department", "service_no": "5 Business Days", "requested_": "2022-03-01T00:00:00", "updated_da": "2023-02-16T00:00:00", "expected_d": "2022-03-09T00:00:00", "closed_dat": "2022-03-16T00:00:00", "address": "4930 BINGHAM ST", "zipcode": "19120", "media_url": null, "lat": 40.024104768199997, "lon": -75.113412975599999, "year": 2022, "month": 3 }, "geometry": { "type": "Point", "coordinates": [ 490322.506289643875789, 4430438.777383980341256 ] } },
{ "type": "Feature", "properties": { "objectid": 3545914.0, "service_re": 14826941.0, "subject": "Illegal Dumping", "status": "Closed", "status_not": null, "service_na": "Illegal Dumping", "service_co": "SR-ST02", "agency_res": "Streets Department", "service_no": "5 Business Days", "requested_": "2022-03-29T00:00:00", "updated_da": "2024-05-11T00:00:00", "expected_d": "2022-04-05T00:00:00", "closed_dat": "2022-04-18T00:00:00", "address": "E ROOSEVELT BLVD & RORER ST", "zipcode": null, "media_url": "https://d17aqltn7cihbm.cloudfront.net/uploads/large_c7c5c2bca929b6505293f11d2eeed8f5", "lat": 40.026658616200002, "lon": -75.114420016599993, "year": 2022, "month": 3 }, "geometry": { "type": "Point", "coordinates": [ 490236.939824694825802, 4430722.340755245648324 ] } },
{ "type": "Feature", "properties": { "objectid": 3546310.0, "service_re": 14827434.0, "subject": "Illegal Dumping", "status": "Closed", "status_not": null, "service_na": "Illegal Dumping", "service_co": "SR-ST02", "agency_res": "Streets Department", "service_no": "5 Business Days", "requested_": "2022-03-29T00:00:00", "updated_da": "2024-05-11T00:00:00", "expected_d": "2022-04-05T00:00:00", "closed_dat": "2022-04-18T00:00:00", "address": "BINGHAM ST & E ROOSEVELT BLVD", "zipcode": null, "media_url": null, "lat": 40.027194944500003, "lon": -75.114668774500004, "year": 2022, "month": 3 }, "geometry": { "type": "Point", "coordinates": [ 490215.790800833201502, 4430781.895539834164083 ] } },
{ "type": "Feature", "properties": { "objectid": 3557248.0, "service_re": 14842432.0, "subject": "Illegal Dumping", "status": "Closed", "status_not": null, "service_na": "Illegal Dumping", "service_co": "SR-ST02", "agency_res": "Streets Department", "service_no": "5 Business Days", "requested_": "2022-04-05T00:00:00", "updated_da": "2023-02-16T00:00:00", "expected_d": "2022-04-12T00:00:00", "closed_dat": "2022-04-18T00:00:00", "address": "4936 BINGHAM ST", "zipcode": "19120", "media_url": null, "lat": 40.024229203700003, "lon": -75.113403302099996, "year": 2022, "month": 4 }, "geometry": { "type": "Point", "coordinates": [ 490323.349307909957133, 4430452.58752510510385 ] } },
{ "type": "Feature", "properties": { "objectid": 3557259.0, "service_re": 14842444.0, "subject": "Illegal Dumping", "status": "Closed", "status_not": null, "service_na": "Illegal Dumping", "service_co": "SR-ST02", "agency_res": "Streets Department", "service_no": "5 Business Days", "requested_": "2022-04-05T00:00:00", "updated_da": "2023-02-16T00:00:00", "expected_d": "2022-04-12T00:00:00", "closed_dat": "2022-04-18T00:00:00", "address": "4964 BINGHAM ST", "zipcode": "19120", "media_url": null, "lat": 40.024813496699998, "lon": -75.113357836099993, "year": 2022, "month": 4 }, "geometry": { "type": "Point", "coordinates": [ 490327.311414226598572, 4430517.433682726696134 ] } },
{ "type": "Feature", "properties": { "objectid": 3557268.0, "service_re": 14842456.0, "subject": "Illegal Dumping", "status": "Closed", "status_not": null, "service_na": "Illegal Dumping", "service_co": "SR-ST02", "agency_res": "Streets Department", "service_no": "5 Business Days", "requested_": "2022-04-05T00:00:00", "updated_da": "2023-02-16T00:00:00", "expected_d": "2022-04-12T00:00:00", "closed_dat": "2022-04-18T00:00:00", "address": "5000 BINGHAM ST", "zipcode": "19120", "media_url": null, "lat": 40.0250932573, "lon": -75.113447777299996, "year": 2022, "month": 4 }, "geometry": { "type": "Point", "coordinates": [ 490319.676377044175752, 4430548.494290791451931 ] } },
{ "type": "Feature", "properties": { "objectid": 3567934.0, "service_re": 14856978.0, "subject": "Illegal Dumping", "status": "Closed", "status_not": null, "service_na": "Illegal Dumping", "service_co": "SR-ST02", "agency_res": "Streets Department", "service_no": "5 Business Days", "requested_": "2022-04-12T00:00:00", "updated_da": "2023-02-16T00:00:00", "expected_d": "2022-04-19T00:00:00", "closed_dat": "2022-05-09T00:00:00", "address": "768 E RUSCOMB ST", "zipcode": "19124", "media_url": null, "lat": 40.024764702799999, "lon": -75.109787394799994, "year": 2022, "month": 4 }, "geometry": { "type": "Point", "coordinates": [ 490631.96629808540456, 4430511.636475387960672 ] } },
{ "type": "Feature", "properties": { "objectid": 3576260.0, "service_re": 14868657.0, "subject": "Illegal Dumping", "status": "Closed", "status_not": null, "service_na": "Illegal Dumping", "service_co": "SR-ST02", "agency_res": "Streets Department", "service_no": "5 Business Days", "requested_": "2022-04-18T00:00:00", "updated_da": "2022-05-09T00:00:00", "expected_d": "2022-04-25T00:00:00", "closed_dat": "2022-05-09T00:00:00", "address": "4936 BINGHAM ST", "zipcode": "19120", "media_url": null, "lat": 40.024229203700003, "lon": -75.113403302099996, "year": 2022, "month": 4 }, "geometry": { "type": "Point", "coordinates": [ 490323.349307909957133, 4430452.58752510510385 ] } },
{ "type": "Feature", "properties": { "objectid": 3576277.0, "service_re": 14868681.0, "subject": "Illegal Dumping", "status": "Closed", "status_not": null, "service_na": "Illegal Dumping", "service_co": "SR-ST02", "agency_res": "Streets Department", "service_no": "5 Business Days", "requested_": "2022-04-18T00:00:00", "updated_da": "2022-05-09T00:00:00", "expected_d": "2022-04-25T00:00:00", "closed_dat": "2022-05-09T00:00:00", "address": "4964 BINGHAM ST", "zipcode": "19120", "media_url": null, "lat": 40.024813496699998, "lon": -75.113357836099993, "year": 2022, "month": 4 }, "geometry": { "type": "Point", "coordinates": [ 490327.311414226598572, 4430517.433682726696134 ] } },
{ "type": "Feature", "properties": { "objectid": 3576278.0, "service_re": 14868682.0, "subject": "Illegal Dumping", "status": "Closed", "status_not": null, "service_na": "Illegal Dumping", "service_co": "SR-ST02", "agency_res": "Streets Department", "service_no": "5 Business Days", "requested_": "2022-04-18T00:00:00", "updated_da": "2022-05-09T00:00:00", "expected_d": "2022-04-25T00:00:00", "closed_dat": "2022-05-09T00:00:00", "address": "4964 BINGHAM ST", "zipcode": "19120", "media_url": null, "lat": 40.024813496699998, "lon": -75.113357836099993, "year": 2022, "month": 4 }, "geometry": { "type": "Point", "coordinates": [ 490327.311414226598572, 4430517.433682726696134 ] } },
{ "type": "Feature", "properties": { "objectid": 3576279.0, "service_re": 14868683.0, "subject": "Illegal Dumping", "status": "Closed", "status_not": null, "service_na": "Illegal Dumping", "service_co": "SR-ST02", "agency_res": "Streets Department", "service_no": "5 Business Days", "requested_": "2022-04-18T00:00:00", "updated_da": "2022-05-09T00:00:00", "expected_d": "2022-04-25T00:00:00", "closed_dat": "2022-05-09T00:00:00", "address": "4964 BINGHAM ST", "zipcode": "19120", "media_url": null, "lat": 40.024813496699998, "lon": -75.113357836099993, "year": 2022, "month": 4 }, "geometry": { "type": "Point", "coordinates": [ 490327.311414226598572, 4430517.433682726696134 ] } },
{ "type": "Feature", "properties": { "objectid": 3577573.0, "service_re": 14870358.0, "subject": "Illegal Dumping", "status": "Closed", "status_not": null, "service_na": "Illegal Dumping", "service_co": "SR-ST02", "agency_res": "Streets Department", "service_no": "5 Business Days", "requested_": "2022-04-19T00:00:00", "updated_da": "2022-05-09T00:00:00", "expected_d": "2022-04-26T00:00:00", "closed_dat": "2022-05-09T00:00:00", "address": "5014 BINGHAM ST", "zipcode": "19120", "media_url": null, "lat": 40.025369620399999, "lon": -75.113761923599995, "year": 2022, "month": 4 }, "geometry": { "type": "Point", "coordinates": [ 490292.90992545557674, 4430579.202224581502378 ] } },
{ "type": "Feature", "properties": { "objectid": 3585485.0, "service_re": 14880803.0, "subject": "Illegal Dumping", "status": "Closed", "status_not": null, "service_na": "Illegal Dumping", "service_co": "SR-ST02", "agency_res": "Streets Department", "service_no": "5 Business Days", "requested_": "2022-04-22T00:00:00", "updated_da": "2022-05-09T00:00:00", "expected_d": "2022-04-29T00:00:00", "closed_dat": "2022-05-09T00:00:00", "address": "5014 BINGHAM ST", "zipcode": "19120", "media_url": "https://d17aqltn7cihbm.cloudfront.net/uploads/large_40a5ee17f56759059fdaa813505cd9f2", "lat": 40.025369620399999, "lon": -75.113761923599995, "year": 2022, "month": 4 }, "geometry": { "type": "Point", "coordinates": [ 490292.90992545557674, 4430579.202224581502378 ] } },
{ "type": "Feature", "properties": { "objectid": 3585814.0, "service_re": 14881259.0, "subject": "Illegal Dumping", "status": "Closed", "status_not": null, "service_na": "Illegal Dumping", "service_co": "SR-ST02", "agency_res": "Streets Department", "service_no": "5 Business Days", "requested_": "2022-04-22T00:00:00", "updated_da": "2022-05-09T00:00:00", "expected_d": "2022-04-29T00:00:00", "closed_dat": "2022-05-09T00:00:00", "address": "770 E RUSCOMB ST", "zipcode": "19124", "media_url": null, "lat": 40.024767991399997, "lon": -75.109798899300003, "year": 2022, "month": 4 }, "geometry": { "type": "Point", "coordinates": [ 490630.985083375766408, 4430512.002684913575649 ] } },
{ "type": "Feature", "properties": { "objectid": 3589803.0, "service_re": 14886771.0, "subject": "Illegal Dumping", "status": "Closed", "status_not": null, "service_na": "Illegal Dumping", "service_co": "SR-ST02", "agency_res": "Streets Department", "service_no": "5 Business Days", "requested_": "2022-04-25T00:00:00", "updated_da": "2022-09-17T00:00:00", "expected_d": "2022-05-03T00:00:00", "closed_dat": "2022-09-17T00:00:00", "address": "514 E ROOSEVELT BLVD", "zipcode": "19120", "media_url": null, "lat": 40.026509287000003, "lon": -75.115248102099997, "year": 2022, "month": 4 }, "geometry": { "type": "Point", "coordinates": [ 490166.260722366161644, 4430705.857670067809522 ] } },
{ "type": "Feature", "properties": { "objectid": 3609848.0, "service_re": 14913455.0, "subject": "Illegal Dumping", "status": "Closed", "status_not": null, "service_na": "Illegal Dumping", "service_co": "SR-ST02", "agency_res": "Streets Department", "service_no": "5 Business Days", "requested_": "2022-05-06T00:00:00", "updated_da": "2022-05-17T00:00:00", "expected_d": "2022-05-16T00:00:00", "closed_dat": "2022-05-09T00:00:00", "address": "4900 BINGHAM ST", "zipcode": "19120", "media_url": null, "lat": 40.023388162099998, "lon": -75.113556456799998, "year": 2022, "month": 5 }, "geometry": { "type": "Point", "coordinates": [ 490310.161702940589748, 4430359.256358162499964 ] } },
{ "type": "Feature", "properties": { "objectid": 3611868.0, "service_re": 14916146.0, "subject": "Illegal Dumping", "status": "Closed", "status_not": null, "service_na": "Illegal Dumping", "service_co": "SR-ST02", "agency_res": "Streets Department", "service_no": "5 Business Days", "requested_": "2022-05-09T00:00:00", "updated_da": "2022-05-23T00:00:00", "expected_d": "2022-05-16T00:00:00", "closed_dat": "2022-05-23T00:00:00", "address": "4964 BINGHAM ST", "zipcode": "19120", "media_url": null, "lat": 40.024813496699998, "lon": -75.113357836099993, "year": 2022, "month": 5 }, "geometry": { "type": "Point", "coordinates": [ 490327.311414226598572, 4430517.433682726696134 ] } },
{ "type": "Feature", "properties": { "objectid": 3611881.0, "service_re": 14916167.0, "subject": "Illegal Dumping", "status": "Closed", "status_not": null, "service_na": "Illegal Dumping", "service_co": "SR-ST02", "agency_res": "Streets Department", "service_no": "5 Business Days", "requested_": "2022-05-09T00:00:00", "updated_da": "2022-05-23T00:00:00", "expected_d": "2022-05-16T00:00:00", "closed_dat": "2022-05-23T00:00:00", "address": "4936 BINGHAM ST", "zipcode": "19120", "media_url": null, "lat": 40.024229203700003, "lon": -75.113403302099996, "year": 2022, "month": 5 }, "geometry": { "type": "Point", "coordinates": [ 490323.349307909957133, 4430452.58752510510385 ] } },
{ "type": "Feature", "properties": { "objectid": 3614628.0, "service_re": 14919677.0, "subject": "Illegal Dumping", "status": "Closed", "status_not": null, "service_na": "Illegal Dumping", "service_co": "SR-ST02", "agency_res": "Streets Department", "service_no": "5 Business Days", "requested_": "2022-05-10T00:00:00", "updated_da": "2022-05-23T00:00:00", "expected_d": "2022-05-18T00:00:00", "closed_dat": "2022-05-23T00:00:00", "address": "4900 BINGHAM ST", "zipcode": "19120", "media_url": null, "lat": 40.023388162099998, "lon": -75.113556456799998, "year": 2022, "month": 5 }, "geometry": { "type": "Point", "coordinates": [ 490310.161702940589748, 4430359.256358162499964 ] } },
{ "type": "Feature", "properties": { "objectid": 3614836.0, "service_re": 14919938.0, "subject": "Illegal Dumping", "status": "Closed", "status_not": null, "service_na": "Illegal Dumping", "service_co": "SR-ST02", "agency_res": "Streets Department", "service_no": "5 Business Days", "requested_": "2022-05-10T00:00:00", "updated_da": "2022-05-23T00:00:00", "expected_d": "2022-05-18T00:00:00", "closed_dat": "2022-05-23T00:00:00", "address": "4900 BINGHAM ST", "zipcode": "19120", "media_url": null, "lat": 40.023388162099998, "lon": -75.113556456799998, "year": 2022, "month": 5 }, "geometry": { "type": "Point", "coordinates": [ 490310.161702940589748, 4430359.256358162499964 ] } },
{ "type": "Feature", "properties": { "objectid": 3614842.0, "service_re": 14919946.0, "subject": "Illegal Dumping", "status": "Closed", "status_not": null, "service_na": "Illegal Dumping", "service_co": "SR-ST02", "agency_res": "Streets Department", "service_no": "5 Business Days", "requested_": "2022-05-10T00:00:00", "updated_da": "2022-06-05T00:00:00", "expected_d": "2022-05-18T00:00:00", "closed_dat": "2022-06-05T00:00:00", "address": "5000 RORER ST", "zipcode": "19120", "media_url": null, "lat": 40.025055398299997, "lon": -75.114536961799999, "year": 2022, "month": 5 }, "geometry": { "type": "Point", "coordinates": [ 490226.732528498396277, 4430544.411206297576427 ] } },
{ "type": "Feature", "properties": { "objectid": 3626354.0, "service_re": 14934681.0, "subject": "Illegal Dumping", "status": "Closed", "status_not": null, "service_na": "Illegal Dumping", "service_co": "SR-ST02", "agency_res": "Streets Department", "service_no": "5 Business Days", "requested_": "2022-05-17T00:00:00", "updated_da": "2022-06-11T00:00:00", "expected_d": "2022-05-24T00:00:00", "closed_dat": "2022-06-11T00:00:00", "address": "4900 BINGHAM ST", "zipcode": "19120", "media_url": null, "lat": 40.023388162099998, "lon": -75.113556456799998, "year": 2022, "month": 5 }, "geometry": { "type": "Point", "coordinates": [ 490310.161702940589748, 4430359.256358162499964 ] } },
{ "type": "Feature", "properties": { "objectid": 3680542.0, "service_re": 15003264.0, "subject": "Illegal Dumping", "status": "Closed", "status_not": null, "service_na": "Illegal Dumping", "service_co": "SR-ST02", "agency_res": "Streets Department", "service_no": "5 Business Days", "requested_": "2022-06-21T00:00:00", "updated_da": "2023-02-16T00:00:00", "expected_d": "2022-06-28T00:00:00", "closed_dat": "2022-07-15T00:00:00", "address": "5000 BINGHAM ST", "zipcode": "19120", "media_url": "https://d17aqltn7cihbm.cloudfront.net/uploads/large_b7f30a032bba013778ebf80b20f2681b", "lat": 40.0250932573, "lon": -75.113447777299996, "year": 2022, "month": 6 }, "geometry": { "type": "Point", "coordinates": [ 490319.676377044175752, 4430548.494290791451931 ] } },
{ "type": "Feature", "properties": { "objectid": 3684637.0, "service_re": 15008200.0, "subject": "Illegal Dumping", "status": "Closed", "status_not": null, "service_na": "Illegal Dumping", "service_co": "SR-ST02", "agency_res": "Streets Department", "service_no": "5 Business Days", "requested_": "2022-06-22T00:00:00", "updated_da": "2023-02-16T00:00:00", "expected_d": "2022-06-30T00:00:00", "closed_dat": "2022-07-15T00:00:00", "address": "4932 BINGHAM ST", "zipcode": "19120", "media_url": null, "lat": 40.024146139300001, "lon": -75.113409796599996, "year": 2022, "month": 6 }, "geometry": { "type": "Point", "coordinates": [ 490322.783399188192561, 4430443.368844522163272 ] } },
{ "type": "Feature", "properties": { "objectid": 3684647.0, "service_re": 15008216.0, "subject": "Illegal Dumping", "status": "Closed", "status_not": null, "service_na": "Illegal Dumping", "service_co": "SR-ST02", "agency_res": "Streets Department", "service_no": "5 Business Days", "requested_": "2022-06-22T00:00:00", "updated_da": "2023-02-16T00:00:00", "expected_d": "2022-06-30T00:00:00", "closed_dat": "2022-07-15T00:00:00", "address": "4964 BINGHAM ST", "zipcode": "19120", "media_url": null, "lat": 40.024813496699998, "lon": -75.113357836099993, "year": 2022, "month": 6 }, "geometry": { "type": "Point", "coordinates": [ 490327.311414226598572, 4430517.433682726696134 ] } },
{ "type": "Feature", "properties": { "objectid": 3687456.0, "service_re": 15011711.0, "subject": "Illegal Dumping", "status": "Closed", "status_not": null, "service_na": "Illegal Dumping", "service_co": "SR-ST02", "agency_res": "Streets Department", "service_no": "5 Business Days", "requested_": "2022-06-24T00:00:00", "updated_da": "2023-02-16T00:00:00", "expected_d": "2022-07-01T00:00:00", "closed_dat": "2022-07-15T00:00:00", "address": "4962 BINGHAM ST", "zipcode": "19120", "media_url": "https://d17aqltn7cihbm.cloudfront.net/uploads/large_900a8018f800fd5a8b185ffbe69fdd6b", "lat": 40.0247819979, "lon": -75.113644212500006, "year": 2022, "month": 6 }, "geometry": { "type": "Point", "coordinates": [ 490302.870793961803429, 4430513.968744000419974 ] } },
{ "type": "Feature", "properties": { "objectid": 3742792.0, "service_re": 15084080.0, "subject": "Illegal Dumping", "status": "Closed", "status_not": null, "service_na": "Illegal Dumping", "service_co": "SR-ST02", "agency_res": "Streets Department", "service_no": "5 Business Days", "requested_": "2022-07-27T00:00:00", "updated_da": "2023-02-16T00:00:00", "expected_d": "2022-08-04T00:00:00", "closed_dat": "2022-08-02T00:00:00", "address": "4825 RORER ST", "zipcode": "19120", "media_url": null, "lat": 40.022642225600002, "lon": -75.114435886199999, "year": 2022, "month": 7 }, "geometry": { "type": "Point", "coordinates": [ 490235.013125320139807, 4430276.560357209295034 ] } },
{ "type": "Feature", "properties": { "objectid": 3747781.0, "service_re": 15090427.0, "subject": "Illegal Dumping", "status": "Closed", "status_not": null, "service_na": "Illegal Dumping", "service_co": "SR-ST02", "agency_res": "Streets Department", "service_no": "5 Business Days", "requested_": "2022-07-31T00:00:00", "updated_da": "2023-02-16T00:00:00", "expected_d": "2022-08-08T00:00:00", "closed_dat": "2022-08-08T00:00:00", "address": "5008 BINGHAM ST", "zipcode": "19120", "media_url": "https://d17aqltn7cihbm.cloudfront.net/uploads/large_144c9226c1deeeec8f75a1bed5b78a07", "lat": 40.025262549499999, "lon": -75.113598305300002, "year": 2022, "month": 7 }, "geometry": { "type": "Point", "coordinates": [ 490306.856013478303794, 4430567.300527720712125 ] } },
{ "type": "Feature", "properties": { "objectid": 3764003.0, "service_re": 15110403.0, "subject": "Illegal Dumping", "status": "Closed", "status_not": null, "service_na": "Illegal Dumping", "service_co": "SR-ST02", "agency_res": "Streets Department", "service_no": "5 Business Days", "requested_": "2022-08-09T00:00:00", "updated_da": "2022-09-17T00:00:00", "expected_d": "2022-08-17T00:00:00", "closed_dat": "2022-09-17T00:00:00", "address": "425 E ROOSEVELT BLVD", "zipcode": "19120", "media_url": null, "lat": 40.027127927800002, "lon": -75.115304027199997, "year": 2022, "month": 8 }, "geometry": { "type": "Point", "coordinates": [ 490161.577687424549367, 4430774.527259445749223 ] } },
{ "type": "Feature", "properties": { "objectid": 3774563.0, "service_re": 15123426.0, "subject": "Illegal Dumping", "status": "Closed", "status_not": null, "service_na": "Illegal Dumping", "service_co": "SR-ST02", "agency_res": "Streets Department", "service_no": "5 Business Days", "requested_": "2022-08-16T00:00:00", "updated_da": "2022-08-18T00:00:00", "expected_d": "2022-08-23T00:00:00", "closed_dat": "2022-08-18T00:00:00", "address": "5006 BINGHAM ST", "zipcode": "19120", "media_url": null, "lat": 40.025231409299998, "lon": -75.113562921500005, "year": 2022, "month": 8 }, "geometry": { "type": "Point", "coordinates": [ 490309.870850578299724, 4430563.840400311164558 ] } },
{ "type": "Feature", "properties": { "objectid": 3814076.0, "service_re": 15171457.0, "subject": "Illegal Dumping", "status": "Closed", "status_not": null, "service_na": "Illegal Dumping", "service_co": "SR-ST02", "agency_res": "Streets Department", "service_no": "5 Business Days", "requested_": "2022-09-09T00:00:00", "updated_da": "2023-02-16T00:00:00", "expected_d": "2022-09-19T00:00:00", "closed_dat": "2022-09-13T00:00:00", "address": "3900 E ROOSEVELT BLVD", "zipcode": "19124", "media_url": null, "lat": 40.027485410799997, "lon": -75.11287076000001, "year": 2022, "month": 9 }, "geometry": { "type": "Point", "coordinates": [ 490369.2487728932756, 4430813.938693786971271 ] } },
{ "type": "Feature", "properties": { "objectid": 3819799.0, "service_re": 15178623.0, "subject": "Illegal Dumping", "status": "Closed", "status_not": null, "service_na": "Illegal Dumping", "service_co": "SR-ST02", "agency_res": "Streets Department", "service_no": "5 Business Days", "requested_": "2022-09-14T00:00:00", "updated_da": "2023-02-16T00:00:00", "expected_d": "2022-09-21T00:00:00", "closed_dat": "2022-09-22T00:00:00", "address": "4962 BINGHAM ST", "zipcode": "19120", "media_url": "https://d17aqltn7cihbm.cloudfront.net/uploads/large_0a5b1d922727e8292611d5a88064d130", "lat": 40.024770401399998, "lon": -75.113359405599994, "year": 2022, "month": 9 }, "geometry": { "type": "Point", "coordinates": [ 490327.171406954992563, 4430512.650674195960164 ] } },
{ "type": "Feature", "properties": { "objectid": 3867364.0, "service_re": 15236425.0, "subject": "Illegal Dumping", "status": "Closed", "status_not": null, "service_na": "Illegal Dumping", "service_co": "SR-ST02", "agency_res": "Streets Department", "service_no": "5 Business Days", "requested_": "2022-10-14T00:00:00", "updated_da": "2023-02-16T00:00:00", "expected_d": "2022-10-21T00:00:00", "closed_dat": "2022-10-25T00:00:00", "address": "4926 BINGHAM ST", "zipcode": "19120", "media_url": "https://d17aqltn7cihbm.cloudfront.net/uploads/large_3d637c974e83a7bfc7afe9dc5c80da06", "lat": 40.024021021499998, "lon": -75.113419410800006, "year": 2022, "month": 10 }, "geometry": { "type": "Point", "coordinates": [ 490321.945342108549085, 4430429.482978142797947 ] } },
{ "type": "Feature", "properties": { "objectid": 3868744.0, "service_re": 15238094.0, "subject": "Illegal Dumping", "status": "Closed", "status_not": null, "service_na": "Illegal Dumping", "service_co": "SR-ST02", "agency_res": "Streets Department", "service_no": "5 Business Days", "requested_": "2022-10-15T00:00:00", "updated_da": "2023-02-16T00:00:00", "expected_d": "2022-10-24T00:00:00", "closed_dat": "2022-11-03T00:00:00", "address": "4800 WHITAKER AVE", "zipcode": "19124", "media_url": null, "lat": 40.0224839053, "lon": -75.111963896999995, "year": 2022, "month": 10 }, "geometry": { "type": "Point", "coordinates": [ 490445.929658258159179, 4430258.720269716344774 ] } },
{ "type": "Feature", "properties": { "objectid": 3868829.0, "service_re": 15238213.0, "subject": "Illegal Dumping", "status": "Closed", "status_not": null, "service_na": "Illegal Dumping", "service_co": "SR-ST02", "agency_res": "Streets Department", "service_no": "5 Business Days", "requested_": "2022-10-16T00:00:00", "updated_da": "2023-02-16T00:00:00", "expected_d": "2022-10-24T00:00:00", "closed_dat": "2022-10-25T00:00:00", "address": "4962 BINGHAM ST", "zipcode": "19120", "media_url": "https://d17aqltn7cihbm.cloudfront.net/uploads/large_70a87abf3d31067ff7b1a1a3a643a0e7", "lat": 40.024770401399998, "lon": -75.113359405599994, "year": 2022, "month": 10 }, "geometry": { "type": "Point", "coordinates": [ 490327.171406954992563, 4430512.650674195960164 ] } },
{ "type": "Feature", "properties": { "objectid": 3858562.0, "service_re": 15225708.0, "subject": "Illegal Dumping", "status": "Closed", "status_not": null, "service_na": "Illegal Dumping", "service_co": "SR-ST02", "agency_res": "Streets Department", "service_no": "5 Business Days", "requested_": "2022-10-07T00:00:00", "updated_da": "2023-02-16T00:00:00", "expected_d": "2022-10-17T00:00:00", "closed_dat": "2022-10-25T00:00:00", "address": "4800 WHITAKER AVE", "zipcode": "19124", "media_url": null, "lat": 40.0224839053, "lon": -75.111963896999995, "year": 2022, "month": 10 }, "geometry": { "type": "Point", "coordinates": [ 490445.929658258159179, 4430258.720269716344774 ] } },
{ "type": "Feature", "properties": { "objectid": 3858565.0, "service_re": 15225711.0, "subject": "Illegal Dumping", "status": "Closed", "status_not": null, "service_na": "Illegal Dumping", "service_co": "SR-ST02", "agency_res": "Streets Department", "service_no": "5 Business Days", "requested_": "2022-10-07T00:00:00", "updated_da": "2023-02-16T00:00:00", "expected_d": "2022-10-17T00:00:00", "closed_dat": "2022-10-24T00:00:00", "address": "4930 WHITAKER AVE", "zipcode": "19124", "media_url": "https://d17aqltn7cihbm.cloudfront.net/uploads/large_bdc422fcc57ced55e4f9d335f9b41e55", "lat": 40.0239670992, "lon": -75.110535534299999, "year": 2022, "month": 10 }, "geometry": { "type": "Point", "coordinates": [ 490568.018553900765255, 4430423.188804340548813 ] } },
{ "type": "Feature", "properties": { "objectid": 3858782.0, "service_re": 15226080.0, "subject": "Illegal Dumping", "status": "Closed", "status_not": null, "service_na": "Illegal Dumping", "service_co": "SR-ST02", "agency_res": "Streets Department", "service_no": "5 Business Days", "requested_": "2022-10-08T00:00:00", "updated_da": "2023-02-16T00:00:00", "expected_d": "2022-10-17T00:00:00", "closed_dat": "2022-10-25T00:00:00", "address": "4921 PENNWAY ST", "zipcode": "19124", "media_url": "https://d17aqltn7cihbm.cloudfront.net/uploads/large_79c2808c705fa5fdd7819b072f913ec1", "lat": 40.023641426899999, "lon": -75.110004794700004, "year": 2022, "month": 10 }, "geometry": { "type": "Point", "coordinates": [ 490613.261863814957906, 4430386.986156568862498 ] } },
{ "type": "Feature", "properties": { "objectid": 3858795.0, "service_re": 15226094.0, "subject": "Illegal Dumping", "status": "Closed", "status_not": null, "service_na": "Illegal Dumping", "service_co": "SR-ST02", "agency_res": "Streets Department", "service_no": "5 Business Days", "requested_": "2022-10-08T00:00:00", "updated_da": "2023-02-16T00:00:00", "expected_d": "2022-10-17T00:00:00", "closed_dat": "2022-10-25T00:00:00", "address": "4962 BINGHAM ST", "zipcode": "19120", "media_url": "https://d17aqltn7cihbm.cloudfront.net/uploads/large_259214dfb98058bf91075e7223d16f8f", "lat": 40.024770401399998, "lon": -75.113359405599994, "year": 2022, "month": 10 }, "geometry": { "type": "Point", "coordinates": [ 490327.171406954992563, 4430512.650674195960164 ] } },
{ "type": "Feature", "properties": { "objectid": 3885960.0, "service_re": 15258903.0, "subject": "Illegal Dumping", "status": "Closed", "status_not": null, "service_na": "Illegal Dumping", "service_co": "SR-ST02", "agency_res": "Streets Department", "service_no": "5 Business Days", "requested_": "2022-10-26T00:00:00", "updated_da": "2023-02-16T00:00:00", "expected_d": "2022-11-02T00:00:00", "closed_dat": "2022-10-31T00:00:00", "address": "4930 BINGHAM ST", "zipcode": "19120", "media_url": "https://d17aqltn7cihbm.cloudfront.net/uploads/large_bb92a54e0b04c9b733f4e8d1f316afbe", "lat": 40.024104768199997, "lon": -75.113412975599999, "year": 2022, "month": 10 }, "geometry": { "type": "Point", "coordinates": [ 490322.506289643875789, 4430438.777383980341256 ] } },
{ "type": "Feature", "properties": { "objectid": 3906994.0, "service_re": 15283843.0, "subject": "Illegal Dumping", "status": "Closed", "status_not": null, "service_na": "Illegal Dumping", "service_co": "SR-ST02", "agency_res": "Streets Department", "service_no": "5 Business Days", "requested_": "2022-11-07T00:00:00", "updated_da": "2023-02-16T00:00:00", "expected_d": "2022-11-15T00:00:00", "closed_dat": "2022-11-21T00:00:00", "address": "4900 BINGHAM ST", "zipcode": "19120", "media_url": null, "lat": 40.023388162099998, "lon": -75.113556456799998, "year": 2022, "month": 11 }, "geometry": { "type": "Point", "coordinates": [ 490310.161702940589748, 4430359.256358162499964 ] } },
{ "type": "Feature", "properties": { "objectid": 3979161.0, "service_re": 15424493.0, "subject": "Illegal Dumping", "status": "Closed", "status_not": null, "service_na": "Illegal Dumping", "service_co": "SR-ST02", "agency_res": "Streets Department", "service_no": "5 Business Days", "requested_": "2023-01-06T00:00:00", "updated_da": "2024-05-10T00:00:00", "expected_d": "2023-01-13T00:00:00", "closed_dat": "2023-01-13T00:00:00", "address": "BINGHAM ST & E RUSCOMB ST", "zipcode": null, "media_url": null, "lat": 40.024917176199999, "lon": -75.113323669799996, "year": 2023, "month": 1 }, "geometry": { "type": "Point", "coordinates": [ 490330.241427509346977, 4430528.937448400072753 ] } },
{ "type": "Feature", "properties": { "objectid": 3985541.0, "service_re": 15451025.0, "subject": "Illegal Dumping", "status": "Closed", "status_not": null, "service_na": "Illegal Dumping", "service_co": "SR-ST02", "agency_res": "Streets Department", "service_no": "5 Business Days", "requested_": "2023-01-11T00:00:00", "updated_da": "2023-02-06T00:00:00", "expected_d": "2023-01-18T00:00:00", "closed_dat": "2023-02-06T00:00:00", "address": "4900 BINGHAM ST", "zipcode": "19120", "media_url": null, "lat": 40.023388162099998, "lon": -75.113556456799998, "year": 2023, "month": 1 }, "geometry": { "type": "Point", "coordinates": [ 490310.161702940589748, 4430359.256358162499964 ] } },
{ "type": "Feature", "properties": { "objectid": 3975050.0, "service_re": 15414492.0, "subject": "Illegal Dumping", "status": "Closed", "status_not": null, "service_na": "Illegal Dumping", "service_co": "SR-ST02", "agency_res": "Streets Department", "service_no": "5 Business Days", "requested_": "2023-01-04T00:00:00", "updated_da": "2023-01-05T00:00:00", "expected_d": "2023-01-11T00:00:00", "closed_dat": "2023-01-05T00:00:00", "address": "5112 BINGHAM ST", "zipcode": "19120", "media_url": null, "lat": 40.027932568799997, "lon": -75.114264956599996, "year": 2023, "month": 1 }, "geometry": { "type": "Point", "coordinates": [ 490250.351915031205863, 4430863.720765802077949 ] } },
{ "type": "Feature", "properties": { "objectid": 3991119.0, "service_re": 15481860.0, "subject": "Illegal Dumping", "status": "Closed", "status_not": null, "service_na": "Illegal Dumping", "service_co": "SR-ST02", "agency_res": "Streets Department", "service_no": "5 Business Days", "requested_": "2023-01-16T00:00:00", "updated_da": "2023-02-03T00:00:00", "expected_d": "2023-01-23T00:00:00", "closed_dat": "2023-02-03T00:00:00", "address": "4930 BINGHAM ST", "zipcode": "19120", "media_url": null, "lat": 40.024104768199997, "lon": -75.113412975599999, "year": 2023, "month": 1 }, "geometry": { "type": "Point", "coordinates": [ 490322.506289643875789, 4430438.777383980341256 ] } },
{ "type": "Feature", "properties": { "objectid": 4022340.0, "service_re": 15683229.0, "subject": "Illegal Dumping", "status": "Closed", "status_not": null, "service_na": "Illegal Dumping", "service_co": "SR-ST02", "agency_res": "Streets Department", "service_no": "5 Business Days", "requested_": "2023-02-07T00:00:00", "updated_da": "2023-02-24T00:00:00", "expected_d": "2023-02-14T00:00:00", "closed_dat": "2023-02-09T00:00:00", "address": "4900 BINGHAM ST", "zipcode": "19120", "media_url": null, "lat": 40.023388162099998, "lon": -75.113556456799998, "year": 2023, "month": 2 }, "geometry": { "type": "Point", "coordinates": [ 490310.161702940589748, 4430359.256358162499964 ] } },
{ "type": "Feature", "properties": { "objectid": 4009064.0, "service_re": 15582165.0, "subject": "Illegal Dumping", "status": "Closed", "status_not": null, "service_na": "Illegal Dumping", "service_co": "SR-ST02", "agency_res": "Streets Department", "service_no": "5 Business Days", "requested_": "2023-01-27T00:00:00", "updated_da": "2023-02-07T00:00:00", "expected_d": "2023-02-03T00:00:00", "closed_dat": "2023-02-06T00:00:00", "address": "4900 BINGHAM ST", "zipcode": "19120", "media_url": null, "lat": 40.023388162099998, "lon": -75.113556456799998, "year": 2023, "month": 1 }, "geometry": { "type": "Point", "coordinates": [ 490310.161702940589748, 4430359.256358162499964 ] } },
{ "type": "Feature", "properties": { "objectid": 4049823.0, "service_re": 15732096.0, "subject": "Illegal Dumping", "status": "Closed", "status_not": null, "service_na": "Illegal Dumping", "service_co": "SR-ST02", "agency_res": "Streets Department", "service_no": "5 Business Days", "requested_": "2023-02-28T00:00:00", "updated_da": "2023-03-03T00:00:00", "expected_d": "2023-03-07T00:00:00", "closed_dat": "2023-03-03T00:00:00", "address": "4930 WHITAKER AVE", "zipcode": "19124", "media_url": "https://d17aqltn7cihbm.cloudfront.net/uploads/large_12da08372e235ab4e4c0b111b8235d54", "lat": 40.0239670992, "lon": -75.110535534299999, "year": 2023, "month": 2 }, "geometry": { "type": "Point", "coordinates": [ 490568.018553900765255, 4430423.188804340548813 ] } },
{ "type": "Feature", "properties": { "objectid": 4093473.0, "service_re": 15790723.0, "subject": "Illegal Dumping", "status": "Closed", "status_not": null, "service_na": "Illegal Dumping", "service_co": "SR-ST02", "agency_res": "Streets Department", "service_no": "5 Business Days", "requested_": "2023-03-28T00:00:00", "updated_da": "2023-04-05T00:00:00", "expected_d": "2023-04-05T00:00:00", "closed_dat": "2023-04-05T00:00:00", "address": "4920 BINGHAM ST", "zipcode": "19120", "media_url": null, "lat": 40.023895755700003, "lon": -75.113428309900002, "year": 2023, "month": 3 }, "geometry": { "type": "Point", "coordinates": [ 490321.168280871061143, 4430415.580602855421603 ] } },
{ "type": "Feature", "properties": { "objectid": 4107860.0, "service_re": 15810183.0, "subject": "Illegal Dumping", "status": "Closed", "status_not": null, "service_na": "Illegal Dumping", "service_co": "SR-ST02", "agency_res": "Streets Department", "service_no": "5 Business Days", "requested_": "2023-04-06T00:00:00", "updated_da": "2023-04-11T00:00:00", "expected_d": "2023-04-13T00:00:00", "closed_dat": "2023-04-11T00:00:00", "address": "4779 TAMPA ST", "zipcode": "19120", "media_url": null, "lat": 40.021587660599998, "lon": -75.111812260600004, "year": 2023, "month": 4 }, "geometry": { "type": "Point", "coordinates": [ 490458.744221680273768, 4430159.229214417748153 ] } },
{ "type": "Feature", "properties": { "objectid": 4116717.0, "service_re": 15822589.0, "subject": "Illegal Dumping", "status": "Closed", "status_not": null, "service_na": "Illegal Dumping", "service_co": "SR-ST02", "agency_res": "Streets Department", "service_no": "5 Business Days", "requested_": "2023-04-13T00:00:00", "updated_da": "2023-04-18T00:00:00", "expected_d": "2023-04-20T00:00:00", "closed_dat": "2023-04-18T00:00:00", "address": "4779 TAMPA ST", "zipcode": "19120", "media_url": "https://d17aqltn7cihbm.cloudfront.net/uploads/large_c262262fad352ccacb2227165ed121c8", "lat": 40.021587660599998, "lon": -75.111812260600004, "year": 2023, "month": 4 }, "geometry": { "type": "Point", "coordinates": [ 490458.744221680273768, 4430159.229214417748153 ] } },
{ "type": "Feature", "properties": { "objectid": 4222103.0, "service_re": 15972741.0, "subject": "Illegal Dumping", "status": "Closed", "status_not": null, "service_na": "Illegal Dumping", "service_co": "SR-ST02", "agency_res": "Streets Department", "service_no": "5 Business Days", "requested_": "2023-06-22T00:00:00", "updated_da": "2023-07-05T00:00:00", "expected_d": "2023-06-29T00:00:00", "closed_dat": "2023-07-05T00:00:00", "address": "5000 BINGHAM ST", "zipcode": "19120", "media_url": "https://d17aqltn7cihbm.cloudfront.net/uploads/large_6925428eb0bcfe6a8fafd93c5a61b38b", "lat": 40.0250932573, "lon": -75.113447777299996, "year": 2023, "month": 6 }, "geometry": { "type": "Point", "coordinates": [ 490319.676377044175752, 4430548.494290791451931 ] } },
{ "type": "Feature", "properties": { "objectid": 4222127.0, "service_re": 15972772.0, "subject": "Illegal Dumping", "status": "Closed", "status_not": null, "service_na": "Illegal Dumping", "service_co": "SR-ST02", "agency_res": "Streets Department", "service_no": "5 Business Days", "requested_": "2023-06-22T00:00:00", "updated_da": "2023-07-05T00:00:00", "expected_d": "2023-06-29T00:00:00", "closed_dat": "2023-07-05T00:00:00", "address": "5042 RORER ST", "zipcode": "19120", "media_url": "https://d17aqltn7cihbm.cloudfront.net/uploads/large_8551277cd8b2ee21d99e7b98a22e8005", "lat": 40.025998296600001, "lon": -75.114455636599999, "year": 2023, "month": 6 }, "geometry": { "type": "Point", "coordinates": [ 490233.806337431014981, 4430649.05527500808239 ] } },
{ "type": "Feature", "properties": { "objectid": 4222146.0, "service_re": 15972803.0, "subject": "Illegal Dumping", "status": "Closed", "status_not": null, "service_na": "Illegal Dumping", "service_co": "SR-ST02", "agency_res": "Streets Department", "service_no": "5 Business Days", "requested_": "2023-06-22T00:00:00", "updated_da": "2023-07-05T00:00:00", "expected_d": "2023-06-29T00:00:00", "closed_dat": "2023-07-05T00:00:00", "address": "5036 RORER ST", "zipcode": "19120", "media_url": "https://d17aqltn7cihbm.cloudfront.net/uploads/large_1d86c2949b943dd1870ded6f8b3673d8", "lat": 40.025865380600003, "lon": -75.114453872599995, "year": 2023, "month": 6 }, "geometry": { "type": "Point", "coordinates": [ 490233.937901099445298, 4430634.302639623172581 ] } },
{ "type": "Feature", "properties": { "objectid": 4230003.0, "service_re": 15982906.0, "subject": "Illegal Dumping", "status": "Closed", "status_not": null, "service_na": "Illegal Dumping", "service_co": "SR-ST02", "agency_res": "Streets Department", "service_no": "5 Business Days", "requested_": "2023-06-28T00:00:00", "updated_da": "2023-07-10T00:00:00", "expected_d": "2023-07-05T00:00:00", "closed_dat": "2023-07-10T00:00:00", "address": "4942 WHITAKER AVE", "zipcode": "19124", "media_url": null, "lat": 40.0239452701, "lon": -75.110556665900006, "year": 2023, "month": 6 }, "geometry": { "type": "Point", "coordinates": [ 490566.212390132481232, 4430420.76821775175631 ] } },
{ "type": "Feature", "properties": { "objectid": 4246104.0, "service_re": 16003855.0, "subject": "Illegal Dumping", "status": "Closed", "status_not": null, "service_na": "Illegal Dumping", "service_co": "SR-ST02", "agency_res": "Streets Department", "service_no": "5 Business Days", "requested_": "2023-07-10T00:00:00", "updated_da": "2023-07-19T00:00:00", "expected_d": "2023-07-17T00:00:00", "closed_dat": "2023-07-17T00:00:00", "address": "4900 BINGHAM ST", "zipcode": "19120", "media_url": null, "lat": 40.023388162099998, "lon": -75.113556456799998, "year": 2023, "month": 7 }, "geometry": { "type": "Point", "coordinates": [ 490310.161702940589748, 4430359.256358162499964 ] } },
{ "type": "Feature", "properties": { "objectid": 4262793.0, "service_re": 16027225.0, "subject": "Illegal Dumping", "status": "Closed", "status_not": null, "service_na": "Illegal Dumping", "service_co": "SR-ST02", "agency_res": "Streets Department", "service_no": "5 Business Days", "requested_": "2023-07-19T00:00:00", "updated_da": "2023-07-25T00:00:00", "expected_d": "2023-07-27T00:00:00", "closed_dat": "2023-07-25T00:00:00", "address": "4900 BINGHAM ST", "zipcode": "19120", "media_url": null, "lat": 40.023389344100003, "lon": -75.113554882200006, "year": 2023, "month": 7 }, "geometry": { "type": "Point", "coordinates": [ 490310.296238689159509, 4430359.387380362488329 ] } },
{ "type": "Feature", "properties": { "objectid": 4263047.0, "service_re": 16027535.0, "subject": "Illegal Dumping", "status": "Closed", "status_not": null, "service_na": "Illegal Dumping", "service_co": "SR-ST02", "agency_res": "Streets Department", "service_no": "5 Business Days", "requested_": "2023-07-19T00:00:00", "updated_da": "2023-07-25T00:00:00", "expected_d": "2023-07-27T00:00:00", "closed_dat": "2023-07-25T00:00:00", "address": "5020 BINGHAM ST", "zipcode": "19120", "media_url": null, "lat": 40.025458942299998, "lon": -75.113945301300006, "year": 2023, "month": 7 }, "geometry": { "type": "Point", "coordinates": [ 490277.275329133670311, 4430589.136121029034257 ] } },
{ "type": "Feature", "properties": { "objectid": 4267748.0, "service_re": 16033823.0, "subject": "Illegal Dumping", "status": "Closed", "status_not": null, "service_na": "Illegal Dumping", "service_co": "SR-ST02", "agency_res": "Streets Department", "service_no": "5 Business Days", "requested_": "2023-07-22T00:00:00", "updated_da": "2023-07-25T00:00:00", "expected_d": "2023-07-31T00:00:00", "closed_dat": "2023-07-25T00:00:00", "address": "4900 BINGHAM ST", "zipcode": "19120", "media_url": null, "lat": 40.023389344100003, "lon": -75.113554882200006, "year": 2023, "month": 7 }, "geometry": { "type": "Point", "coordinates": [ 490310.296238689159509, 4430359.387380362488329 ] } },
{ "type": "Feature", "properties": { "objectid": 4267751.0, "service_re": 16033827.0, "subject": "Illegal Dumping", "status": "Closed", "status_not": null, "service_na": "Illegal Dumping", "service_co": "SR-ST02", "agency_res": "Streets Department", "service_no": "5 Business Days", "requested_": "2023-07-22T00:00:00", "updated_da": "2023-07-27T00:00:00", "expected_d": "2023-07-31T00:00:00", "closed_dat": "2023-07-27T00:00:00", "address": "4964 BINGHAM ST", "zipcode": "19120", "media_url": null, "lat": 40.024814676200002, "lon": -75.113356265899995, "year": 2023, "month": 7 }, "geometry": { "type": "Point", "coordinates": [ 490327.445570173498709, 4430517.564433964900672 ] } },
{ "type": "Feature", "properties": { "objectid": 4267754.0, "service_re": 16033835.0, "subject": "Illegal Dumping", "status": "Closed", "status_not": null, "service_na": "Illegal Dumping", "service_co": "SR-ST02", "agency_res": "Streets Department", "service_no": "5 Business Days", "requested_": "2023-07-22T00:00:00", "updated_da": "2023-08-02T00:00:00", "expected_d": "2023-07-31T00:00:00", "closed_dat": "2023-07-27T00:00:00", "address": "5000 BINGHAM ST", "zipcode": "19120", "media_url": null, "lat": 40.025094436800003, "lon": -75.113446207699994, "year": 2023, "month": 7 }, "geometry": { "type": "Point", "coordinates": [ 490319.810478391649667, 4430548.625034074299037 ] } },
{ "type": "Feature", "properties": { "objectid": 4267757.0, "service_re": 16033838.0, "subject": "Illegal Dumping", "status": "Closed", "status_not": null, "service_na": "Illegal Dumping", "service_co": "SR-ST02", "agency_res": "Streets Department", "service_no": "5 Business Days", "requested_": "2023-07-22T00:00:00", "updated_da": "2024-05-10T00:00:00", "expected_d": "2023-07-31T00:00:00", "closed_dat": "2023-07-27T00:00:00", "address": "E ROOSEVELT BLVD & RORER ST", "zipcode": null, "media_url": null, "lat": 40.026658616200002, "lon": -75.114420016599993, "year": 2023, "month": 7 }, "geometry": { "type": "Point", "coordinates": [ 490236.939824694825802, 4430722.340755245648324 ] } },
{ "type": "Feature", "properties": { "objectid": 4273314.0, "service_re": 16042067.0, "subject": "Illegal Dumping", "status": "Closed", "status_not": null, "service_na": "Illegal Dumping", "service_co": "SR-ST02", "agency_res": "Streets Department", "service_no": "5 Business Days", "requested_": "2023-07-26T00:00:00", "updated_da": "2024-05-10T00:00:00", "expected_d": "2023-08-02T00:00:00", "closed_dat": "2023-08-02T00:00:00", "address": "E ROOSEVELT BLVD & RORER ST", "zipcode": null, "media_url": "https://d17aqltn7cihbm.cloudfront.net/uploads/large_027bc6402562fb4b01a77b53379bf8cd", "lat": 40.026658616200002, "lon": -75.114420016599993, "year": 2023, "month": 7 }, "geometry": { "type": "Point", "coordinates": [ 490236.939824694825802, 4430722.340755245648324 ] } },
{ "type": "Feature", "properties": { "objectid": 4273315.0, "service_re": 16042072.0, "subject": "Illegal Dumping", "status": "Closed", "status_not": null, "service_na": "Illegal Dumping", "service_co": "SR-ST02", "agency_res": "Streets Department", "service_no": "5 Business Days", "requested_": "2023-07-26T00:00:00", "updated_da": "2023-08-02T00:00:00", "expected_d": "2023-08-02T00:00:00", "closed_dat": "2023-08-02T00:00:00", "address": "E ROOSEVELT BLVD & RORER ST", "zipcode": "19120", "media_url": "https://d17aqltn7cihbm.cloudfront.net/uploads/large_7f0f12c23e11c3e67f9fcd0be3cbd33f", "lat": 40.026658616200002, "lon": -75.114420016599993, "year": 2023, "month": 7 }, "geometry": { "type": "Point", "coordinates": [ 490236.939824694825802, 4430722.340755245648324 ] } },
{ "type": "Feature", "properties": { "objectid": 4275819.0, "service_re": 16045400.0, "subject": "Illegal Dumping", "status": "Closed", "status_not": null, "service_na": "Illegal Dumping", "service_co": "SR-ST02", "agency_res": "Streets Department", "service_no": "5 Business Days", "requested_": "2023-07-27T00:00:00", "updated_da": "2023-08-02T00:00:00", "expected_d": "2023-08-03T00:00:00", "closed_dat": "2023-08-02T00:00:00", "address": "4950 BINGHAM ST", "zipcode": "19120", "media_url": null, "lat": 40.024523325600001, "lon": -75.113377362400001, "year": 2023, "month": 7 }, "geometry": { "type": "Point", "coordinates": [ 490325.604272383090574, 4430485.229505605995655 ] } },
{ "type": "Feature", "properties": { "objectid": 4275994.0, "service_re": 16045613.0, "subject": "Illegal Dumping", "status": "Closed", "status_not": null, "service_na": "Illegal Dumping", "service_co": "SR-ST02", "agency_res": "Streets Department", "service_no": "5 Business Days", "requested_": "2023-07-27T00:00:00", "updated_da": "2023-08-08T00:00:00", "expected_d": "2023-08-04T00:00:00", "closed_dat": "2023-08-04T00:00:00", "address": "5019 RORER ST", "zipcode": "19120", "media_url": null, "lat": 40.025441300600001, "lon": -75.114466991100002, "year": 2023, "month": 7 }, "geometry": { "type": "Point", "coordinates": [ 490232.758056087302975, 4430587.235121455974877 ] } },
{ "type": "Feature", "properties": { "objectid": 4285525.0, "service_re": 16059626.0, "subject": "Illegal Dumping", "status": "Closed", "status_not": null, "service_na": "Illegal Dumping", "service_co": "SR-ST02", "agency_res": "Streets Department", "service_no": "5 Business Days", "requested_": "2023-08-02T00:00:00", "updated_da": "2023-08-10T00:00:00", "expected_d": "2023-08-09T00:00:00", "closed_dat": "2023-08-10T00:00:00", "address": "5020 BINGHAM ST", "zipcode": "19120", "media_url": null, "lat": 40.025458942299998, "lon": -75.113945301300006, "year": 2023, "month": 8 }, "geometry": { "type": "Point", "coordinates": [ 490277.275329133670311, 4430589.136121029034257 ] } },
{ "type": "Feature", "properties": { "objectid": 4287340.0, "service_re": 16061969.0, "subject": "Illegal Dumping", "status": "Closed", "status_not": null, "service_na": "Illegal Dumping", "service_co": "SR-ST02", "agency_res": "Streets Department", "service_no": "5 Business Days", "requested_": "2023-08-03T00:00:00", "updated_da": "2024-05-10T00:00:00", "expected_d": "2023-08-10T00:00:00", "closed_dat": "2023-08-10T00:00:00", "address": "E ROOSEVELT BLVD & RORER ST", "zipcode": null, "media_url": null, "lat": 40.026658616200002, "lon": -75.114420016599993, "year": 2023, "month": 8 }, "geometry": { "type": "Point", "coordinates": [ 490236.939824694825802, 4430722.340755245648324 ] } },
{ "type": "Feature", "properties": { "objectid": 4294483.0, "service_re": 16071623.0, "subject": "Illegal Dumping", "status": "Closed", "status_not": null, "service_na": "Illegal Dumping", "service_co": "SR-ST02", "agency_res": "Streets Department", "service_no": "5 Business Days", "requested_": "2023-08-08T00:00:00", "updated_da": "2023-08-10T00:00:00", "expected_d": "2023-08-15T00:00:00", "closed_dat": "2023-08-10T00:00:00", "address": "5000 BINGHAM ST", "zipcode": "19120", "media_url": "https://d17aqltn7cihbm.cloudfront.net/uploads/large_56f792fe570d48fff06d6be0d670dc5a", "lat": 40.025094436800003, "lon": -75.113446207699994, "year": 2023, "month": 8 }, "geometry": { "type": "Point", "coordinates": [ 490319.810478391649667, 4430548.625034074299037 ] } },
{ "type": "Feature", "properties": { "objectid": 4294485.0, "service_re": 16071627.0, "subject": "Illegal Dumping", "status": "Closed", "status_not": null, "service_na": "Illegal Dumping", "service_co": "SR-ST02", "agency_res": "Streets Department", "service_no": "5 Business Days", "requested_": "2023-08-08T00:00:00", "updated_da": "2023-08-10T00:00:00", "expected_d": "2023-08-15T00:00:00", "closed_dat": "2023-08-10T00:00:00", "address": "5000 BINGHAM ST", "zipcode": "19120", "media_url": "https://d17aqltn7cihbm.cloudfront.net/uploads/large_601beec2cacb2e005ea4f81a2f726216", "lat": 40.025094436800003, "lon": -75.113446207699994, "year": 2023, "month": 8 }, "geometry": { "type": "Point", "coordinates": [ 490319.810478391649667, 4430548.625034074299037 ] } },
{ "type": "Feature", "properties": { "objectid": 4232817.0, "service_re": 15986414.0, "subject": "Illegal Dumping", "status": "Closed", "status_not": null, "service_na": "Illegal Dumping", "service_co": "SR-ST02", "agency_res": "Streets Department", "service_no": "5 Business Days", "requested_": "2023-06-29T00:00:00", "updated_da": "2023-07-10T00:00:00", "expected_d": "2023-07-06T00:00:00", "closed_dat": "2023-07-10T00:00:00", "address": "3900 E ROOSEVELT BLVD", "zipcode": "19124", "media_url": null, "lat": 40.027485410799997, "lon": -75.11287076000001, "year": 2023, "month": 6 }, "geometry": { "type": "Point", "coordinates": [ 490369.2487728932756, 4430813.938693786971271 ] } },
{ "type": "Feature", "properties": { "objectid": 4312600.0, "service_re": 16098976.0, "subject": "Illegal Dumping", "status": "Closed", "status_not": null, "service_na": "Illegal Dumping", "service_co": "SR-ST02", "agency_res": "Streets Department", "service_no": "5 Business Days", "requested_": "2023-08-19T00:00:00", "updated_da": "2023-08-22T00:00:00", "expected_d": "2023-08-28T00:00:00", "closed_dat": "2023-08-22T00:00:00", "address": "4963 RORER ST", "zipcode": "19120", "media_url": null, "lat": 40.024858027000001, "lon": -75.114334797500007, "year": 2023, "month": 8 }, "geometry": { "type": "Point", "coordinates": [ 490243.954791333177127, 4430522.482660874724388 ] } },
{ "type": "Feature", "properties": { "objectid": 4284102.0, "service_re": 16057792.0, "subject": "Illegal Dumping", "status": "Closed", "status_not": null, "service_na": "Illegal Dumping", "service_co": "SR-ST02", "agency_res": "Streets Department", "service_no": "5 Business Days", "requested_": "2023-08-01T00:00:00", "updated_da": "2023-08-10T00:00:00", "expected_d": "2023-08-09T00:00:00", "closed_dat": "2023-08-10T00:00:00", "address": "4900 BINGHAM ST", "zipcode": "19120", "media_url": null, "lat": 40.023389344100003, "lon": -75.113554882200006, "year": 2023, "month": 8 }, "geometry": { "type": "Point", "coordinates": [ 490310.296238689159509, 4430359.387380362488329 ] } },
{ "type": "Feature", "properties": { "objectid": 4337284.0, "service_re": 16132975.0, "subject": "Illegal Dumping", "status": "Closed", "status_not": null, "service_na": "Illegal Dumping", "service_co": "SR-ST02", "agency_res": "Streets Department", "service_no": "5 Business Days", "requested_": "2023-09-07T00:00:00", "updated_da": "2023-09-13T00:00:00", "expected_d": "2023-09-14T00:00:00", "closed_dat": "2023-09-13T00:00:00", "address": "5020 BINGHAM ST", "zipcode": "19120", "media_url": null, "lat": 40.025458942299998, "lon": -75.113945301300006, "year": 2023, "month": 9 }, "geometry": { "type": "Point", "coordinates": [ 490277.275329133670311, 4430589.136121029034257 ] } },
{ "type": "Feature", "properties": { "objectid": 4363967.0, "service_re": 16255770.0, "subject": "Illegal Dumping", "status": "Closed", "status_not": null, "service_na": "Illegal Dumping", "service_co": "SR-ST02", "agency_res": "Streets Department", "service_no": "5 Business Days", "requested_": "2023-09-25T00:00:00", "updated_da": "2023-10-03T00:00:00", "expected_d": "2023-10-02T00:00:00", "closed_dat": "2023-10-03T00:00:00", "address": "4930 WHITAKER AVE", "zipcode": "19124", "media_url": "https://d17aqltn7cihbm.cloudfront.net/uploads/large_497e1be91a196a72b284d4b7e08b8ff6", "lat": 40.023968270799998, "lon": -75.110533966700004, "year": 2023, "month": 9 }, "geometry": { "type": "Point", "coordinates": [ 490568.152477744559292, 4430423.318683749996126 ] } },
{ "type": "Feature", "properties": { "objectid": 4364018.0, "service_re": 16255834.0, "subject": "Illegal Dumping", "status": "Closed", "status_not": null, "service_na": "Illegal Dumping", "service_co": "SR-ST02", "agency_res": "Streets Department", "service_no": "5 Business Days", "requested_": "2023-09-25T00:00:00", "updated_da": "2023-10-03T00:00:00", "expected_d": "2023-10-02T00:00:00", "closed_dat": "2023-10-03T00:00:00", "address": "4869 WHITAKER AVE", "zipcode": "19124", "media_url": "https://d17aqltn7cihbm.cloudfront.net/uploads/large_9a6c3b8c9439a35e52c5150ebfa5a329", "lat": 40.023232766699998, "lon": -75.111116660299999, "year": 2023, "month": 9 }, "geometry": { "type": "Point", "coordinates": [ 490518.329487861949019, 4430341.746411980129778 ] } },
{ "type": "Feature", "properties": { "objectid": 4350437.0, "service_re": 16183699.0, "subject": "Illegal Dumping", "status": "Closed", "status_not": null, "service_na": "Illegal Dumping", "service_co": "SR-ST02", "agency_res": "Streets Department", "service_no": "5 Business Days", "requested_": "2023-09-15T00:00:00", "updated_da": "2023-09-27T00:00:00", "expected_d": "2023-09-22T00:00:00", "closed_dat": "2023-09-27T00:00:00", "address": "5020 BINGHAM ST", "zipcode": "19120", "media_url": null, "lat": 40.025458942299998, "lon": -75.113945301300006, "year": 2023, "month": 9 }, "geometry": { "type": "Point", "coordinates": [ 490277.275329133670311, 4430589.136121029034257 ] } },
{ "type": "Feature", "properties": { "objectid": 4375954.0, "service_re": 16280107.0, "subject": "Illegal Dumping", "status": "Closed", "status_not": null, "service_na": "Illegal Dumping", "service_co": "SR-ST02", "agency_res": "Streets Department", "service_no": "5 Business Days", "requested_": "2023-10-03T00:00:00", "updated_da": "2023-10-05T00:00:00", "expected_d": "2023-10-10T00:00:00", "closed_dat": "2023-10-05T00:00:00", "address": "4918 BINGHAM ST", "zipcode": "19120", "media_url": null, "lat": 40.023855077599997, "lon": -75.113429677, "year": 2023, "month": 10 }, "geometry": { "type": "Point", "coordinates": [ 490321.045881804602686, 4430411.065861765295267 ] } },
{ "type": "Feature", "properties": { "objectid": 4375963.0, "service_re": 16280122.0, "subject": "Illegal Dumping", "status": "Closed", "status_not": null, "service_na": "Illegal Dumping", "service_co": "SR-ST02", "agency_res": "Streets Department", "service_no": "5 Business Days", "requested_": "2023-10-03T00:00:00", "updated_da": "2023-10-05T00:00:00", "expected_d": "2023-10-10T00:00:00", "closed_dat": "2023-10-05T00:00:00", "address": "5000 BINGHAM ST", "zipcode": "19120", "media_url": null, "lat": 40.025094436800003, "lon": -75.113446207699994, "year": 2023, "month": 10 }, "geometry": { "type": "Point", "coordinates": [ 490319.810478391649667, 4430548.625034074299037 ] } },
{ "type": "Feature", "properties": { "objectid": 4404415.0, "service_re": 16317417.0, "subject": "Illegal Dumping", "status": "Closed", "status_not": null, "service_na": "Illegal Dumping", "service_co": "SR-ST02", "agency_res": "Streets Department", "service_no": "5 Business Days", "requested_": "2023-10-22T00:00:00", "updated_da": "2023-10-31T00:00:00", "expected_d": "2023-10-30T00:00:00", "closed_dat": "2023-10-31T00:00:00", "address": "4942 WHITAKER AVE", "zipcode": "19124", "media_url": "https://d17aqltn7cihbm.cloudfront.net/uploads/large_3cca347eaa6021b66ac92dc431d0b74d", "lat": 40.023907192199999, "lon": -75.110824024600007, "year": 2023, "month": 10 }, "geometry": { "type": "Point", "coordinates": [ 490543.393442579021212, 4430416.570273109711707 ] } },
{ "type": "Feature", "properties": { "objectid": 4408184.0, "service_re": 16327996.0, "subject": "Illegal Dumping", "status": "Closed", "status_not": null, "service_na": "Illegal Dumping", "service_co": "SR-ST02", "agency_res": "Streets Department", "service_no": "5 Business Days", "requested_": "2023-10-24T00:00:00", "updated_da": "2023-10-31T00:00:00", "expected_d": "2023-11-01T00:00:00", "closed_dat": "2023-10-31T00:00:00", "address": "4930 WHITAKER AVE", "zipcode": "19124", "media_url": null, "lat": 40.024216273500002, "lon": -75.111189450500007, "year": 2023, "month": 10 }, "geometry": { "type": "Point", "coordinates": [ 490512.254482134710997, 4430450.91427918151021 ] } },
{ "type": "Feature", "properties": { "objectid": 4414577.0, "service_re": 16340770.0, "subject": "Illegal Dumping", "status": "Closed", "status_not": null, "service_na": "Illegal Dumping", "service_co": "SR-ST02", "agency_res": "Streets Department", "service_no": "5 Business Days", "requested_": "2023-10-27T00:00:00", "updated_da": "2023-11-03T00:00:00", "expected_d": "2023-11-06T00:00:00", "closed_dat": "2023-11-03T00:00:00", "address": "5113 WESTFORD RD", "zipcode": "19120", "media_url": null, "lat": 40.027531470200003, "lon": -75.115529107699999, "year": 2023, "month": 10 }, "geometry": { "type": "Point", "coordinates": [ 490142.430568553507328, 4430819.341630916111171 ] } },
{ "type": "Feature", "properties": { "objectid": 4417534.0, "service_re": 16356366.0, "subject": "Illegal Dumping", "status": "Closed", "status_not": null, "service_na": "Illegal Dumping", "service_co": "SR-ST02", "agency_res": "Streets Department", "service_no": "5 Business Days", "requested_": "2023-10-31T00:00:00", "updated_da": "2024-05-10T00:00:00", "expected_d": "2023-11-07T00:00:00", "closed_dat": "2023-11-03T00:00:00", "address": "BINGHAM ST & E RUSCOMB ST", "zipcode": null, "media_url": null, "lat": 40.024917176199999, "lon": -75.113323669799996, "year": 2023, "month": 10 }, "geometry": { "type": "Point", "coordinates": [ 490330.241427509346977, 4430528.937448400072753 ] } },
{ "type": "Feature", "properties": { "objectid": 4417560.0, "service_re": 16356395.0, "subject": "Illegal Dumping", "status": "Closed", "status_not": null, "service_na": "Illegal Dumping", "service_co": "SR-ST02", "agency_res": "Streets Department", "service_no": "5 Business Days", "requested_": "2023-10-31T00:00:00", "updated_da": "2024-05-10T00:00:00", "expected_d": "2023-11-07T00:00:00", "closed_dat": "2023-11-03T00:00:00", "address": "BINGHAM ST & E RUSCOMB ST", "zipcode": null, "media_url": null, "lat": 40.024917176199999, "lon": -75.113323669799996, "year": 2023, "month": 10 }, "geometry": { "type": "Point", "coordinates": [ 490330.241427509346977, 4430528.937448400072753 ] } },
{ "type": "Feature", "properties": { "objectid": 4417574.0, "service_re": 16356413.0, "subject": "Illegal Dumping", "status": "Closed", "status_not": null, "service_na": "Illegal Dumping", "service_co": "SR-ST02", "agency_res": "Streets Department", "service_no": "5 Business Days", "requested_": "2023-10-31T00:00:00", "updated_da": "2023-11-03T00:00:00", "expected_d": "2023-11-07T00:00:00", "closed_dat": "2023-11-03T00:00:00", "address": "4900 BINGHAM ST", "zipcode": "19120", "media_url": null, "lat": 40.023463408399998, "lon": -75.113695490699996, "year": 2023, "month": 10 }, "geometry": { "type": "Point", "coordinates": [ 490298.308516522170976, 4430367.623125456273556 ] } },
{ "type": "Feature", "properties": { "objectid": 4409054.0, "service_re": 16329192.0, "subject": "Illegal Dumping", "status": "Closed", "status_not": null, "service_na": "Illegal Dumping", "service_co": "SR-ST02", "agency_res": "Streets Department", "service_no": "5 Business Days", "requested_": "2023-10-25T00:00:00", "updated_da": "2023-10-31T00:00:00", "expected_d": "2023-11-01T00:00:00", "closed_dat": "2023-10-31T00:00:00", "address": "4941 WHITAKER AVE", "zipcode": "19124", "media_url": null, "lat": 40.023846642700001, "lon": -75.110109140500001, "year": 2023, "month": 10 }, "geometry": { "type": "Point", "coordinates": [ 490604.386160329566337, 4430409.77419691812247 ] } },
{ "type": "Feature", "properties": { "objectid": 4424910.0, "service_re": 16365933.0, "subject": "Illegal Dumping", "status": "Closed", "status_not": null, "service_na": "Illegal Dumping", "service_co": "SR-ST02", "agency_res": "Streets Department", "service_no": "5 Business Days", "requested_": "2023-11-03T00:00:00", "updated_da": "2023-11-10T00:00:00", "expected_d": "2023-11-10T00:00:00", "closed_dat": "2023-11-10T00:00:00", "address": "4962 BINGHAM ST", "zipcode": "19120", "media_url": "https://d17aqltn7cihbm.cloudfront.net/uploads/large_7f1132fbd9af1a59c87d83602a6996ee", "lat": 40.0247831784, "lon": -75.113642641699997, "year": 2023, "month": 11 }, "geometry": { "type": "Point", "coordinates": [ 490303.005001829762477, 4430514.099600101821125 ] } },
{ "type": "Feature", "properties": { "objectid": 4425282.0, "service_re": 16366411.0, "subject": "Illegal Dumping", "status": "Closed", "status_not": null, "service_na": "Illegal Dumping", "service_co": "SR-ST02", "agency_res": "Streets Department", "service_no": "5 Business Days", "requested_": "2023-11-03T00:00:00", "updated_da": "2023-12-11T00:00:00", "expected_d": "2023-11-13T00:00:00", "closed_dat": "2023-11-10T00:00:00", "address": "4960 BINGHAM ST", "zipcode": "19120", "media_url": null, "lat": 40.024714127499998, "lon": -75.113576445199996, "year": 2023, "month": 11 }, "geometry": { "type": "Point", "coordinates": [ 490308.643695969076362, 4430506.428390951827168 ] } },
{ "type": "Feature", "properties": { "objectid": 4446349.0, "service_re": 16393397.0, "subject": "Illegal Dumping", "status": "Closed", "status_not": null, "service_na": "Illegal Dumping", "service_co": "SR-ST02", "agency_res": "Streets Department", "service_no": "5 Business Days", "requested_": "2023-11-16T00:00:00", "updated_da": "2023-11-22T00:00:00", "expected_d": "2023-11-23T00:00:00", "closed_dat": "2023-11-22T00:00:00", "address": "5020 BINGHAM ST", "zipcode": "19120", "media_url": null, "lat": 40.025355792500001, "lon": -75.11401554, "year": 2023, "month": 11 }, "geometry": { "type": "Point", "coordinates": [ 490271.267343756975606, 4430577.695120423100889 ] } },
{ "type": "Feature", "properties": { "objectid": 4466798.0, "service_re": 16420757.0, "subject": "Illegal Dumping", "status": "Closed", "status_not": null, "service_na": "Illegal Dumping", "service_co": "SR-ST02", "agency_res": "Streets Department", "service_no": "5 Business Days", "requested_": "2023-12-02T00:00:00", "updated_da": "2023-12-05T00:00:00", "expected_d": "2023-12-11T00:00:00", "closed_dat": "2023-12-05T00:00:00", "address": "4926 BINGHAM ST", "zipcode": "19120", "media_url": null, "lat": 40.024010818299999, "lon": -75.113643268499999, "year": 2023, "month": 12 }, "geometry": { "type": "Point", "coordinates": [ 490302.842161957698409, 4430428.374854954890907 ] } },
{ "type": "Feature", "properties": { "objectid": 4466802.0, "service_re": 16420764.0, "subject": "Illegal Dumping", "status": "Closed", "status_not": null, "service_na": "Illegal Dumping", "service_co": "SR-ST02", "agency_res": "Streets Department", "service_no": "5 Business Days", "requested_": "2023-12-02T00:00:00", "updated_da": "2023-12-05T00:00:00", "expected_d": "2023-12-11T00:00:00", "closed_dat": "2023-12-05T00:00:00", "address": "5002 BINGHAM ST", "zipcode": "19120", "media_url": null, "lat": 40.025155836300002, "lon": -75.113602326299997, "year": 2023, "month": 12 }, "geometry": { "type": "Point", "coordinates": [ 490306.497808961023111, 4430555.456787156872451 ] } },
{ "type": "Feature", "properties": { "objectid": 4478216.0, "service_re": 16437093.0, "subject": "Illegal Dumping", "status": "Closed", "status_not": null, "service_na": "Illegal Dumping", "service_co": "SR-ST02", "agency_res": "Streets Department", "service_no": "5 Business Days", "requested_": "2023-12-11T00:00:00", "updated_da": "2023-12-14T00:00:00", "expected_d": "2023-12-19T00:00:00", "closed_dat": "2023-12-14T00:00:00", "address": "4925 PENNWAY ST", "zipcode": "19124", "media_url": null, "lat": 40.023497863899998, "lon": -75.109989214899997, "year": 2023, "month": 12 }, "geometry": { "type": "Point", "coordinates": [ 490614.571626458724495, 4430371.050357953645289 ] } },
{ "type": "Feature", "properties": { "objectid": 4497839.0, "service_re": 16468404.0, "subject": "Illegal Dumping", "status": "Closed", "status_not": null, "service_na": "Illegal Dumping", "service_co": "SR-ST02", "agency_res": "Streets Department", "service_no": "5 Business Days", "requested_": "2023-12-28T00:00:00", "updated_da": "2024-05-11T00:00:00", "expected_d": "2024-01-04T00:00:00", "closed_dat": "2024-01-04T00:00:00", "address": "E LOUDON ST & WHITAKER AVE", "zipcode": null, "media_url": null, "lat": 40.021695344299999, "lon": -75.112709796999994, "year": 2023, "month": 12 }, "geometry": { "type": "Point", "coordinates": [ 490382.170001799124293, 4430171.277602477930486 ] } },
{ "type": "Feature", "properties": { "objectid": 4495258.0, "service_re": 16464988.0, "subject": "Illegal Dumping", "status": "Closed", "status_not": null, "service_na": "Illegal Dumping", "service_co": "SR-ST02", "agency_res": "Streets Department", "service_no": "5 Business Days", "requested_": "2023-12-26T00:00:00", "updated_da": "2023-12-28T00:00:00", "expected_d": "2024-01-02T00:00:00", "closed_dat": "2023-12-28T00:00:00", "address": "4900 BINGHAM ST", "zipcode": "19120", "media_url": null, "lat": 40.023463408399998, "lon": -75.113695490699996, "year": 2023, "month": 12 }, "geometry": { "type": "Point", "coordinates": [ 490298.308516522170976, 4430367.623125456273556 ] } },
{ "type": "Feature", "properties": { "objectid": 4495273.0, "service_re": 16465005.0, "subject": "Illegal Dumping", "status": "Closed", "status_not": null, "service_na": "Illegal Dumping", "service_co": "SR-ST02", "agency_res": "Streets Department", "service_no": "5 Business Days", "requested_": "2023-12-26T00:00:00", "updated_da": "2023-12-28T00:00:00", "expected_d": "2024-01-02T00:00:00", "closed_dat": "2023-12-28T00:00:00", "address": "5000 BINGHAM ST", "zipcode": "19120", "media_url": null, "lat": 40.025096408800003, "lon": -75.113542514499997, "year": 2023, "month": 12 }, "geometry": { "type": "Point", "coordinates": [ 490311.593047957343515, 4430548.854379678145051 ] } },
{ "type": "Feature", "properties": { "objectid": 4506431.0, "service_re": 16480494.0, "subject": "Illegal Dumping", "status": "Closed", "status_not": null, "service_na": "Illegal Dumping", "service_co": "SR-ST02", "agency_res": "Streets Department", "service_no": "5 Business Days", "requested_": "2024-01-04T00:00:00", "updated_da": "2024-05-11T00:00:00", "expected_d": "2024-01-12T00:00:00", "closed_dat": "2024-01-10T00:00:00", "address": "500 E ROOSEVELT BLVD", "zipcode": "19120", "media_url": null, "lat": 40.026300515599999, "lon": -75.115628706799995, "year": 2024, "month": 1 }, "geometry": { "type": "Point", "coordinates": [ 490133.754901659209281, 4430682.728047665208578 ] } },
{ "type": "Feature", "properties": { "objectid": 4506466.0, "service_re": 16480536.0, "subject": "Illegal Dumping", "status": "Closed", "status_not": null, "service_na": "Illegal Dumping", "service_co": "SR-ST02", "agency_res": "Streets Department", "service_no": "5 Business Days", "requested_": "2024-01-04T00:00:00", "updated_da": "2024-05-11T00:00:00", "expected_d": "2024-01-12T00:00:00", "closed_dat": "2024-01-06T00:00:00", "address": "5052 RORER ST", "zipcode": "19120", "media_url": null, "lat": 40.026275855400002, "lon": -75.114566756900004, "year": 2024, "month": 1 }, "geometry": { "type": "Point", "coordinates": [ 490224.364355111320037, 4430679.873926118947566 ] } },
{ "type": "Feature", "properties": { "objectid": 4511708.0, "service_re": 16487625.0, "subject": "Illegal Dumping", "status": "Closed", "status_not": null, "service_na": "Illegal Dumping", "service_co": "SR-ST02", "agency_res": "Streets Department", "service_no": "5 Business Days", "requested_": "2024-01-09T00:00:00", "updated_da": "2024-05-11T00:00:00", "expected_d": "2024-01-16T00:00:00", "closed_dat": "2024-01-12T00:00:00", "address": "5014 BINGHAM ST", "zipcode": "19120", "media_url": "https://d17aqltn7cihbm.cloudfront.net/uploads/large_81d3a47b1964dd30a99c8b2028615803", "lat": 40.025285195499997, "lon": -75.113873675299999, "year": 2024, "month": 1 }, "geometry": { "type": "Point", "coordinates": [ 490283.362386714667082, 4430569.844019401818514 ] } },
{ "type": "Feature", "properties": { "objectid": 4511746.0, "service_re": 16487672.0, "subject": "Illegal Dumping", "status": "Closed", "status_not": null, "service_na": "Illegal Dumping", "service_co": "SR-ST02", "agency_res": "Streets Department", "service_no": "5 Business Days", "requested_": "2024-01-09T00:00:00", "updated_da": "2024-05-11T00:00:00", "expected_d": "2024-01-16T00:00:00", "closed_dat": "2024-01-12T00:00:00", "address": "E ROOSEVELT BLVD & RORER ST", "zipcode": null, "media_url": "https://d17aqltn7cihbm.cloudfront.net/uploads/large_153de4604a74cbc66650f2235462c542", "lat": 40.026658616200002, "lon": -75.114420016599993, "year": 2024, "month": 1 }, "geometry": { "type": "Point", "coordinates": [ 490236.939824694825802, 4430722.340755245648324 ] } },
{ "type": "Feature", "properties": { "objectid": 4567663.0, "service_re": 16562408.0, "subject": "Illegal Dumping", "status": "Closed", "status_not": null, "service_na": "Illegal Dumping", "service_co": "SR-ST02", "agency_res": "Streets Department", "service_no": "5 Business Days", "requested_": "2024-02-12T00:00:00", "updated_da": "2024-05-11T00:00:00", "expected_d": "2024-02-20T00:00:00", "closed_dat": "2024-02-17T00:00:00", "address": "BINGHAM ST & E ROCKLAND ST", "zipcode": null, "media_url": null, "lat": 40.0233310506, "lon": -75.113566652399996, "year": 2024, "month": 2 }, "geometry": { "type": "Point", "coordinates": [ 490309.283626337593887, 4430352.918620174750686 ] } },
{ "type": "Feature", "properties": { "objectid": 4567666.0, "service_re": 16562411.0, "subject": "Illegal Dumping", "status": "Closed", "status_not": null, "service_na": "Illegal Dumping", "service_co": "SR-ST02", "agency_res": "Streets Department", "service_no": "5 Business Days", "requested_": "2024-02-12T00:00:00", "updated_da": "2024-05-11T00:00:00", "expected_d": "2024-02-20T00:00:00", "closed_dat": "2024-02-17T00:00:00", "address": "4918 BINGHAM ST", "zipcode": "19120", "media_url": null, "lat": 40.023844928199999, "lon": -75.113657513500002, "year": 2024, "month": 2 }, "geometry": { "type": "Point", "coordinates": [ 490301.603154341981281, 4430409.964147070422769 ] } },
{ "type": "Feature", "properties": { "objectid": 4567667.0, "service_re": 16562412.0, "subject": "Illegal Dumping", "status": "Closed", "status_not": null, "service_na": "Illegal Dumping", "service_co": "SR-ST02", "agency_res": "Streets Department", "service_no": "5 Business Days", "requested_": "2024-02-12T00:00:00", "updated_da": "2024-05-11T00:00:00", "expected_d": "2024-02-20T00:00:00", "closed_dat": "2024-02-17T00:00:00", "address": "4938 BINGHAM ST", "zipcode": "19120", "media_url": null, "lat": 40.02425356, "lon": -75.113620755300005, "year": 2024, "month": 2 }, "geometry": { "type": "Point", "coordinates": [ 490304.797573378891684, 4430455.31448426656425 ] } },
{ "type": "Feature", "properties": { "objectid": 4584319.0, "service_re": 16584742.0, "subject": "Illegal Dumping", "status": "Closed", "status_not": null, "service_na": "Illegal Dumping", "service_co": "SR-ST02", "agency_res": "Streets Department", "service_no": "5 Business Days", "requested_": "2024-02-23T00:00:00", "updated_da": "2024-05-11T00:00:00", "expected_d": "2024-03-01T00:00:00", "closed_dat": "2024-03-01T00:00:00", "address": "4901 BINGHAM ST", "zipcode": "19120", "media_url": null, "lat": 40.024230352799997, "lon": -75.113047290400004, "year": 2024, "month": 2 }, "geometry": { "type": "Point", "coordinates": [ 490353.727784602786414, 4430452.676452720537782 ] } },
{ "type": "Feature", "properties": { "objectid": 4588297.0, "service_re": 16590115.0, "subject": "Illegal Dumping", "status": "Closed", "status_not": null, "service_na": "Illegal Dumping", "service_co": "SR-ST02", "agency_res": "Streets Department", "service_no": "5 Business Days", "requested_": "2024-02-27T00:00:00", "updated_da": "2024-05-11T00:00:00", "expected_d": "2024-03-05T00:00:00", "closed_dat": "2024-03-01T00:00:00", "address": "5014 BINGHAM ST", "zipcode": "19120", "media_url": null, "lat": 40.025285195499997, "lon": -75.113873675299999, "year": 2024, "month": 2 }, "geometry": { "type": "Point", "coordinates": [ 490283.362386714667082, 4430569.844019401818514 ] } },
{ "type": "Feature", "properties": { "objectid": 4619807.0, "service_re": 16631962.0, "subject": "Illegal Dumping", "status": "Closed", "status_not": null, "service_na": "Illegal Dumping", "service_co": "SR-ST02", "agency_res": "Streets Department", "service_no": "5 Business Days", "requested_": "2024-03-18T00:00:00", "updated_da": "2024-05-11T00:00:00", "expected_d": "2024-03-25T00:00:00", "closed_dat": "2024-03-26T00:00:00", "address": "E ROOSEVELT BLVD & RORER ST", "zipcode": null, "media_url": "https://d17aqltn7cihbm.cloudfront.net/uploads/large_e0efd0e6f8e9a1edf482fa5466bee56a", "lat": 40.026658616200002, "lon": -75.114420016599993, "year": 2024, "month": 3 }, "geometry": { "type": "Point", "coordinates": [ 490236.939824694825802, 4430722.340755245648324 ] } },
{ "type": "Feature", "properties": { "objectid": 4619815.0, "service_re": 16631972.0, "subject": "Illegal Dumping", "status": "Closed", "status_not": null, "service_na": "Illegal Dumping", "service_co": "SR-ST02", "agency_res": "Streets Department", "service_no": "5 Business Days", "requested_": "2024-03-18T00:00:00", "updated_da": "2024-05-11T00:00:00", "expected_d": "2024-03-25T00:00:00", "closed_dat": "2024-03-26T00:00:00", "address": "E ROOSEVELT BLVD & RORER ST", "zipcode": null, "media_url": "https://d17aqltn7cihbm.cloudfront.net/uploads/large_8bd75974154102c811f6002860bc4c36", "lat": 40.026658616200002, "lon": -75.114420016599993, "year": 2024, "month": 3 }, "geometry": { "type": "Point", "coordinates": [ 490236.939824694825802, 4430722.340755245648324 ] } },
{ "type": "Feature", "properties": { "objectid": 4620747.0, "service_re": 16633173.0, "subject": "Illegal Dumping", "status": "Closed", "status_not": null, "service_na": "Illegal Dumping", "service_co": "SR-ST02", "agency_res": "Streets Department", "service_no": "5 Business Days", "requested_": "2024-03-18T00:00:00", "updated_da": "2024-05-11T00:00:00", "expected_d": "2024-03-26T00:00:00", "closed_dat": "2024-03-26T00:00:00", "address": "5000 BINGHAM ST", "zipcode": "19120", "media_url": "https://d17aqltn7cihbm.cloudfront.net/uploads/large_213546933579cb347d514bf5472896ba", "lat": 40.025096408800003, "lon": -75.113542514499997, "year": 2024, "month": 3 }, "geometry": { "type": "Point", "coordinates": [ 490311.593047957343515, 4430548.854379678145051 ] } },
{ "type": "Feature", "properties": { "objectid": 4649314.0, "service_re": 16671568.0, "subject": "Illegal Dumping", "status": "Closed", "status_not": null, "service_na": "Illegal Dumping", "service_co": "SR-ST02", "agency_res": "Streets Department", "service_no": "5 Business Days", "requested_": "2024-04-05T00:00:00", "updated_da": "2024-05-11T00:00:00", "expected_d": "2024-04-12T00:00:00", "closed_dat": "2024-04-11T00:00:00", "address": "4912 BINGHAM ST", "zipcode": "19120", "media_url": null, "lat": 40.023719884800002, "lon": -75.113628295699996, "year": 2024, "month": 4 }, "geometry": { "type": "Point", "coordinates": [ 490304.078605690621771, 4430396.082312614656985 ] } },
{ "type": "Feature", "properties": { "objectid": 4662270.0, "service_re": 16688687.0, "subject": "Illegal Dumping", "status": "Closed", "status_not": null, "service_na": "Illegal Dumping", "service_co": "SR-ST02", "agency_res": "Streets Department", "service_no": "5 Business Days", "requested_": "2024-04-12T00:00:00", "updated_da": "2024-04-16T00:00:00", "expected_d": "2024-04-22T00:00:00", "closed_dat": "2024-04-16T00:00:00", "address": "4900 BINGHAM ST", "zipcode": "19120", "media_url": null, "lat": 40.023463408399998, "lon": -75.113695490699996, "year": 2024, "month": 4 }, "geometry": { "type": "Point", "coordinates": [ 490298.308516522170976, 4430367.623125456273556 ] } },
{ "type": "Feature", "properties": { "objectid": 4670932.0, "service_re": 16703228.0, "subject": "Illegal Dumping", "status": "Closed", "status_not": null, "service_na": "Illegal Dumping", "service_co": "SR-ST02", "agency_res": "Streets Department", "service_no": "5 Business Days", "requested_": "2024-04-18T00:00:00", "updated_da": "2024-05-11T00:00:00", "expected_d": "2024-04-25T00:00:00", "closed_dat": "2024-04-22T00:00:00", "address": "4943 PENNWAY ST", "zipcode": "19124", "media_url": null, "lat": 40.023590882100002, "lon": -75.109400863600001, "year": 2024, "month": 4 }, "geometry": { "type": "Point", "coordinates": [ 490664.788590826152358, 4430381.312693036161363 ] } },
{ "type": "Feature", "properties": { "objectid": 4689318.0, "service_re": 16760241.0, "subject": "Illegal Dumping", "status": "Closed", "status_not": null, "service_na": "Illegal Dumping", "service_co": "SR-ST02", "agency_res": "Streets Department", "service_no": "5 Business Days", "requested_": "2024-04-29T00:00:00", "updated_da": "2024-05-11T00:00:00", "expected_d": "2024-05-07T00:00:00", "closed_dat": "2024-05-03T00:00:00", "address": "BINGHAM ST & E ROCKLAND ST", "zipcode": "19120", "media_url": null, "lat": 40.023379074499999, "lon": -75.113548017, "year": 2024, "month": 4 }, "geometry": { "type": "Point", "coordinates": [ 490310.880593129259069, 4430358.24680167157203 ] } },
{ "type": "Feature", "properties": { "objectid": 4690386.0, "service_re": 16763108.0, "subject": "Illegal Dumping", "status": "Closed", "status_not": null, "service_na": "Illegal Dumping", "service_co": "SR-ST02", "agency_res": "Streets Department", "service_no": "5 Business Days", "requested_": "2024-04-30T00:00:00", "updated_da": "2024-05-11T00:00:00", "expected_d": "2024-05-07T00:00:00", "closed_dat": "2024-05-02T00:00:00", "address": "4779 TAMPA ST", "zipcode": "19120", "media_url": "https://d17aqltn7cihbm.cloudfront.net/uploads/large_7aede12766a5b274ba176c0d2e3faf63", "lat": 40.0215628188, "lon": -75.111659845099993, "year": 2024, "month": 4 }, "geometry": { "type": "Point", "coordinates": [ 490471.746806989016477, 4430156.455699092708528 ] } },
{ "type": "Feature", "properties": { "objectid": 4708931.0, "service_re": 16808228.0, "subject": "Illegal Dumping", "status": "Closed", "status_not": null, "service_na": "Illegal Dumping", "service_co": "SR-ST02", "agency_res": "Streets Department", "service_no": "5 Business Days", "requested_": "2024-05-10T00:00:00", "updated_da": "2024-05-17T00:00:00", "expected_d": "2024-05-17T00:00:00", "closed_dat": "2024-05-17T00:00:00", "address": "5018 RORER ST", "zipcode": "19120", "media_url": null, "lat": 40.025465819200001, "lon": -75.114584240799999, "year": 2024, "month": 5 }, "geometry": { "type": "Point", "coordinates": [ 490222.756869870994706, 4430589.969316922128201 ] } },
{ "type": "Feature", "properties": { "objectid": 4704887.0, "service_re": 16799067.0, "subject": "Illegal Dumping", "status": "Closed", "status_not": null, "service_na": "Illegal Dumping", "service_co": "SR-ST02", "agency_res": "Streets Department", "service_no": "5 Business Days", "requested_": "2024-05-08T00:00:00", "updated_da": "2024-05-13T00:00:00", "expected_d": "2024-05-15T00:00:00", "closed_dat": "2024-05-13T00:00:00", "address": "5023 RORER ST", "zipcode": "19120", "media_url": null, "lat": 40.0255402915, "lon": -75.114380020300004, "year": 2024, "month": 5 }, "geometry": { "type": "Point", "coordinates": [ 490240.19320594787132, 4430598.212658655829728 ] } },
{ "type": "Feature", "properties": { "objectid": 4706690.0, "service_re": 16802407.0, "subject": "Illegal Dumping", "status": "Closed", "status_not": null, "service_na": "Illegal Dumping", "service_co": "SR-ST02", "agency_res": "Streets Department", "service_no": "5 Business Days", "requested_": "2024-05-09T00:00:00", "updated_da": "2024-05-13T00:00:00", "expected_d": "2024-05-16T00:00:00", "closed_dat": "2024-05-13T00:00:00", "address": "4926 BINGHAM ST", "zipcode": "19120", "media_url": null, "lat": 40.024010818299999, "lon": -75.113643268499999, "year": 2024, "month": 5 }, "geometry": { "type": "Point", "coordinates": [ 490302.842161957698409, 4430428.374854954890907 ] } },
{ "type": "Feature", "properties": { "objectid": 4725805.0, "service_re": 16830233.0, "subject": "Illegal Dumping", "status": "Closed", "status_not": null, "service_na": "Illegal Dumping", "service_co": "SR-ST02", "agency_res": "Streets Department", "service_no": "5 Business Days", "requested_": "2024-05-21T00:00:00", "updated_da": "2024-05-30T00:00:00", "expected_d": "2024-05-28T00:00:00", "closed_dat": "2024-05-30T00:00:00", "address": "4900 BINGHAM ST", "zipcode": "19120", "media_url": "https://d17aqltn7cihbm.cloudfront.net/uploads/large_ab4d0229d3726b6148d8d713741f6dcf", "lat": 40.023463408399998, "lon": -75.113695490699996, "year": 2024, "month": 5 }, "geometry": { "type": "Point", "coordinates": [ 490298.308516522170976, 4430367.623125456273556 ] } },
{ "type": "Feature", "properties": { "objectid": 4725873.0, "service_re": 16830316.0, "subject": "Illegal Dumping", "status": "Closed", "status_not": null, "service_na": "Illegal Dumping", "service_co": "SR-ST02", "agency_res": "Streets Department", "service_no": "5 Business Days", "requested_": "2024-05-21T00:00:00", "updated_da": "2024-05-30T00:00:00", "expected_d": "2024-05-28T00:00:00", "closed_dat": "2024-05-30T00:00:00", "address": "E ROOSEVELT BLVD & RORER ST", "zipcode": "19124", "media_url": "https://d17aqltn7cihbm.cloudfront.net/uploads/large_36958e56a56087447bd2b28b51646ee5", "lat": 40.026654483500003, "lon": -75.114355553799996, "year": 2024, "month": 5 }, "geometry": { "type": "Point", "coordinates": [ 490242.439625372353476, 4430721.874992683529854 ] } },
{ "type": "Feature", "properties": { "objectid": 4759650.0, "service_re": 16874252.0, "subject": "Illegal Dumping", "status": "Closed", "status_not": null, "service_na": "Illegal Dumping", "service_co": "SR-ST02", "agency_res": "Streets Department", "service_no": "5 Business Days", "requested_": "2024-06-11T00:00:00", "updated_da": "2024-06-14T00:00:00", "expected_d": "2024-06-19T00:00:00", "closed_dat": "2024-06-14T00:00:00", "address": "4900 BINGHAM ST", "zipcode": "19120", "media_url": null, "lat": 40.023463408399998, "lon": -75.113695490699996, "year": 2024, "month": 6 }, "geometry": { "type": "Point", "coordinates": [ 490298.308516522170976, 4430367.623125456273556 ] } },
{ "type": "Feature", "properties": { "objectid": 4759661.0, "service_re": 16874265.0, "subject": "Illegal Dumping", "status": "Closed", "status_not": null, "service_na": "Illegal Dumping", "service_co": "SR-ST02", "agency_res": "Streets Department", "service_no": "5 Business Days", "requested_": "2024-06-11T00:00:00", "updated_da": "2024-06-14T00:00:00", "expected_d": "2024-06-19T00:00:00", "closed_dat": "2024-06-14T00:00:00", "address": "4922 BINGHAM ST", "zipcode": "19120", "media_url": null, "lat": 40.023927947399997, "lon": -75.113650385200003, "year": 2024, "month": 6 }, "geometry": { "type": "Point", "coordinates": [ 490302.223164567200001, 4430419.17773599177599 ] } },
{ "type": "Feature", "properties": { "objectid": 4747607.0, "service_re": 16858653.0, "subject": "Illegal Dumping", "status": "Closed", "status_not": null, "service_na": "Illegal Dumping", "service_co": "SR-ST02", "agency_res": "Streets Department", "service_no": "5 Business Days", "requested_": "2024-06-04T00:00:00", "updated_da": "2024-06-14T00:00:00", "expected_d": "2024-06-12T00:00:00", "closed_dat": "2024-06-14T00:00:00", "address": "4779 WHITAKER AVE", "zipcode": "19120", "media_url": "https://d17aqltn7cihbm.cloudfront.net/uploads/large_b42531f5fbc5fb920a28cf43e4ba0671", "lat": 40.021603270100002, "lon": -75.112511502299995, "year": 2024, "month": 6 }, "geometry": { "type": "Point", "coordinates": [ 490399.078120994148776, 4430161.036834833212197 ] } },
{ "type": "Feature", "properties": { "objectid": 4769432.0, "service_re": 16886733.0, "subject": "Illegal Dumping", "status": "Closed", "status_not": null, "service_na": "Illegal Dumping", "service_co": "SR-ST02", "agency_res": "Streets Department", "service_no": "5 Business Days", "requested_": "2024-06-18T00:00:00", "updated_da": "2024-06-25T00:00:00", "expected_d": "2024-06-25T00:00:00", "closed_dat": "2024-06-25T00:00:00", "address": "4779 WHITAKER AVE", "zipcode": "19120", "media_url": "https://d17aqltn7cihbm.cloudfront.net/uploads/large_25b510021e89eb852bfe82746b85a6e7", "lat": 40.021603270100002, "lon": -75.112511502299995, "year": 2024, "month": 6 }, "geometry": { "type": "Point", "coordinates": [ 490399.078120994148776, 4430161.036834833212197 ] } },
{ "type": "Feature", "properties": { "objectid": 4769553.0, "service_re": 16886877.0, "subject": "Illegal Dumping", "status": "Closed", "status_not": null, "service_na": "Illegal Dumping", "service_co": "SR-ST02", "agency_res": "Streets Department", "service_no": "5 Business Days", "requested_": "2024-06-18T00:00:00", "updated_da": "2024-06-25T00:00:00", "expected_d": "2024-06-25T00:00:00", "closed_dat": "2024-06-25T00:00:00", "address": "4918 BINGHAM ST", "zipcode": "19120", "media_url": null, "lat": 40.023844928199999, "lon": -75.113657513500002, "year": 2024, "month": 6 }, "geometry": { "type": "Point", "coordinates": [ 490301.603154341981281, 4430409.964147070422769 ] } },
{ "type": "Feature", "properties": { "objectid": 4769613.0, "service_re": 16886951.0, "subject": "Illegal Dumping", "status": "Closed", "status_not": null, "service_na": "Illegal Dumping", "service_co": "SR-ST02", "agency_res": "Streets Department", "service_no": "5 Business Days", "requested_": "2024-06-18T00:00:00", "updated_da": "2024-06-25T00:00:00", "expected_d": "2024-06-25T00:00:00", "closed_dat": "2024-06-25T00:00:00", "address": "4918 BINGHAM ST", "zipcode": "19120", "media_url": null, "lat": 40.023844928199999, "lon": -75.113657513500002, "year": 2024, "month": 6 }, "geometry": { "type": "Point", "coordinates": [ 490301.603154341981281, 4430409.964147070422769 ] } },
{ "type": "Feature", "properties": { "objectid": 4713341.0, "service_re": 16814338.0, "subject": "Illegal Dumping", "status": "Closed", "status_not": null, "service_na": "Illegal Dumping", "service_co": "SR-ST02", "agency_res": "Streets Department", "service_no": "5 Business Days", "requested_": "2024-05-14T00:00:00", "updated_da": "2024-05-30T00:00:00", "expected_d": "2024-05-21T00:00:00", "closed_dat": "2024-05-30T00:00:00", "address": "5112 BINGHAM ST", "zipcode": "19120", "media_url": null, "lat": 40.027972655600003, "lon": -75.114062577200002, "year": 2024, "month": 5 }, "geometry": { "type": "Point", "coordinates": [ 490267.625627296918537, 4430868.147905140183866 ] } },
{ "type": "Feature", "properties": { "objectid": 4787207.0, "service_re": 16909810.0, "subject": "Illegal Dumping", "status": "Closed", "status_not": null, "service_na": "Illegal Dumping", "service_co": "SR-ST02", "agency_res": "Streets Department", "service_no": "5 Business Days", "requested_": "2024-06-28T00:00:00", "updated_da": "2024-07-05T00:00:00", "expected_d": "2024-07-08T00:00:00", "closed_dat": "2024-07-05T00:00:00", "address": "5000 BINGHAM ST", "zipcode": "19120", "media_url": "https://d17aqltn7cihbm.cloudfront.net/uploads/large_8472bf976abc74e259bd3aefb0b41476", "lat": 40.025096408800003, "lon": -75.113542514499997, "year": 2024, "month": 6 }, "geometry": { "type": "Point", "coordinates": [ 490311.593047957343515, 4430548.854379678145051 ] } },
{ "type": "Feature", "properties": { "objectid": 4802240.0, "service_re": 16954484.0, "subject": "Illegal Dumping", "status": "Closed", "status_not": null, "service_na": "Illegal Dumping", "service_co": "SR-ST02", "agency_res": "Streets Department", "service_no": "5 Business Days", "requested_": "2024-07-09T00:00:00", "updated_da": "2024-07-17T00:00:00", "expected_d": "2024-07-17T00:00:00", "closed_dat": "2024-07-17T00:00:00", "address": "4954 BINGHAM ST", "zipcode": "19120", "media_url": null, "lat": 40.024589717399998, "lon": -75.113588228500006, "year": 2024, "month": 7 }, "geometry": { "type": "Point", "coordinates": [ 490307.620635140570812, 4430492.621304919943213 ] } },
{ "type": "Feature", "properties": { "objectid": 4806199.0, "service_re": 16974114.0, "subject": "Illegal Dumping", "status": "Closed", "status_not": null, "service_na": "Illegal Dumping", "service_co": "SR-ST02", "agency_res": "Streets Department", "service_no": "5 Business Days", "requested_": "2024-07-11T00:00:00", "updated_da": "2024-07-24T00:00:00", "expected_d": "2024-07-18T00:00:00", "closed_dat": "2024-07-24T00:00:00", "address": "5052 RORER ST", "zipcode": "19120", "media_url": "https://d17aqltn7cihbm.cloudfront.net/uploads/large_79b6d18ae74875dbb93acdc173ec60e5", "lat": 40.026275855400002, "lon": -75.114566756900004, "year": 2024, "month": 7 }, "geometry": { "type": "Point", "coordinates": [ 490224.364355111320037, 4430679.873926118947566 ] } },
{ "type": "Feature", "properties": { "objectid": 4847727.0, "service_re": 17046201.0, "subject": "Illegal Dumping", "status": "Closed", "status_not": null, "service_na": "Illegal Dumping", "service_co": "SR-ST02", "agency_res": "Streets Department", "service_no": "5 Business Days", "requested_": "2024-08-06T00:00:00", "updated_da": "2024-08-09T00:00:00", "expected_d": "2024-08-14T00:00:00", "closed_dat": "2024-08-09T00:00:00", "address": "758 E RUSCOMB ST", "zipcode": "19124", "media_url": null, "lat": 40.024680172700002, "lon": -75.110910321899993, "year": 2024, "month": 8 }, "geometry": { "type": "Point", "coordinates": [ 490536.136499301588628, 4430502.373099337331951 ] } },
{ "type": "Feature", "properties": { "objectid": 4848424.0, "service_re": 17047068.0, "subject": "Illegal Dumping", "status": "Closed", "status_not": null, "service_na": "Illegal Dumping", "service_co": "SR-ST02", "agency_res": "Streets Department", "service_no": "5 Business Days", "requested_": "2024-08-07T00:00:00", "updated_da": "2024-08-09T00:00:00", "expected_d": "2024-08-14T00:00:00", "closed_dat": "2024-08-09T00:00:00", "address": "4960 RORER ST", "zipcode": "19120", "media_url": null, "lat": 40.0248288712, "lon": -75.114493335000006, "year": 2024, "month": 8 }, "geometry": { "type": "Point", "coordinates": [ 490230.422824033536017, 4430519.264014633372426 ] } },
{ "type": "Feature", "properties": { "objectid": 4848668.0, "service_re": 17047367.0, "subject": "Illegal Dumping", "status": "Closed", "status_not": null, "service_na": "Illegal Dumping", "service_co": "SR-ST02", "agency_res": "Streets Department", "service_no": "5 Business Days", "requested_": "2024-08-07T00:00:00", "updated_da": "2024-08-09T00:00:00", "expected_d": "2024-08-14T00:00:00", "closed_dat": "2024-08-09T00:00:00", "address": "5050 RORER ST", "zipcode": "19120", "media_url": null, "lat": 40.0262142395, "lon": -75.114566207400003, "year": 2024, "month": 8 }, "geometry": { "type": "Point", "coordinates": [ 490224.402442538645118, 4430673.035072969272733 ] } },
{ "type": "Feature", "properties": { "objectid": 4867324.0, "service_re": 17071333.0, "subject": "Illegal Dumping", "status": "Closed", "status_not": null, "service_na": "Illegal Dumping", "service_co": "SR-ST02", "agency_res": "Streets Department", "service_no": "5 Business Days", "requested_": "2024-08-19T00:00:00", "updated_da": "2024-08-22T00:00:00", "expected_d": "2024-08-26T00:00:00", "closed_dat": "2024-08-22T00:00:00", "address": "516 E ROOSEVELT BLVD", "zipcode": "19120", "media_url": null, "lat": 40.026392561900003, "lon": -75.115030773000001, "year": 2024, "month": 8 }, "geometry": { "type": "Point", "coordinates": [ 490184.787975142127834, 4430692.878289121203125 ] } },
{ "type": "Feature", "properties": { "objectid": 4867339.0, "service_re": 17071348.0, "subject": "Illegal Dumping", "status": "Closed", "status_not": null, "service_na": "Illegal Dumping", "service_co": "SR-ST02", "agency_res": "Streets Department", "service_no": "5 Business Days", "requested_": "2024-08-19T00:00:00", "updated_da": "2024-08-22T00:00:00", "expected_d": "2024-08-26T00:00:00", "closed_dat": "2024-08-22T00:00:00", "address": "520 E ROOSEVELT BLVD", "zipcode": "19120", "media_url": null, "lat": 40.026392561900003, "lon": -75.115030773000001, "year": 2024, "month": 8 }, "geometry": { "type": "Point", "coordinates": [ 490184.787975142127834, 4430692.878289121203125 ] } },
{ "type": "Feature", "properties": { "objectid": 4838254.0, "service_re": 17031045.0, "subject": "Illegal Dumping", "status": "Closed", "status_not": null, "service_na": "Illegal Dumping", "service_co": "SR-ST02", "agency_res": "Streets Department", "service_no": "5 Business Days", "requested_": "2024-08-01T00:00:00", "updated_da": "2024-08-13T00:00:00", "expected_d": "2024-08-08T00:00:00", "closed_dat": "2024-08-13T00:00:00", "address": "5020 BINGHAM ST", "zipcode": "19120", "media_url": "https://d17aqltn7cihbm.cloudfront.net/uploads/large_d898f90640b723490f1aaa072d726336", "lat": 40.025355792500001, "lon": -75.11401554, "year": 2024, "month": 8 }, "geometry": { "type": "Point", "coordinates": [ 490271.267343756975606, 4430577.695120423100889 ] } },
{ "type": "Feature", "properties": { "objectid": 4838605.0, "service_re": 17031565.0, "subject": "Illegal Dumping", "status": "Closed", "status_not": null, "service_na": "Illegal Dumping", "service_co": "SR-ST02", "agency_res": "Streets Department", "service_no": "5 Business Days", "requested_": "2024-08-01T00:00:00", "updated_da": "2024-08-13T00:00:00", "expected_d": "2024-08-08T00:00:00", "closed_dat": "2024-08-13T00:00:00", "address": "5020 BINGHAM ST", "zipcode": "19120", "media_url": "https://d17aqltn7cihbm.cloudfront.net/uploads/large_76d0a68b4024677282f889cb71d20cc5", "lat": 40.025355792500001, "lon": -75.11401554, "year": 2024, "month": 8 }, "geometry": { "type": "Point", "coordinates": [ 490271.267343756975606, 4430577.695120423100889 ] } },
{ "type": "Feature", "properties": { "objectid": 4860549.0, "service_re": 17062606.0, "subject": "Illegal Dumping", "status": "Closed", "status_not": null, "service_na": "Illegal Dumping", "service_co": "SR-ST02", "agency_res": "Streets Department", "service_no": "5 Business Days", "requested_": "2024-08-14T00:00:00", "updated_da": "2024-08-22T00:00:00", "expected_d": "2024-08-21T00:00:00", "closed_dat": "2024-08-22T00:00:00", "address": "E LOUDON ST & WHITAKER AVE", "zipcode": "19120", "media_url": null, "lat": 40.021675226799999, "lon": -75.112650385199998, "year": 2024, "month": 8 }, "geometry": { "type": "Point", "coordinates": [ 490387.236951296741609, 4430169.038335987366736 ] } },
{ "type": "Feature", "properties": { "objectid": 4861449.0, "service_re": 17063692.0, "subject": "Illegal Dumping", "status": "Closed", "status_not": null, "service_na": "Illegal Dumping", "service_co": "SR-ST02", "agency_res": "Streets Department", "service_no": "5 Business Days", "requested_": "2024-08-14T00:00:00", "updated_da": "2024-08-22T00:00:00", "expected_d": "2024-08-22T00:00:00", "closed_dat": "2024-08-22T00:00:00", "address": "4930 BINGHAM ST", "zipcode": "19120", "media_url": null, "lat": 40.0240901632, "lon": -75.113636301699998, "year": 2024, "month": 8 }, "geometry": { "type": "Point", "coordinates": [ 490303.447874848381616, 4430437.180649626068771 ] } },
{ "type": "Feature", "properties": { "objectid": 4861460.0, "service_re": 17063703.0, "subject": "Illegal Dumping", "status": "Closed", "status_not": null, "service_na": "Illegal Dumping", "service_co": "SR-ST02", "agency_res": "Streets Department", "service_no": "5 Business Days", "requested_": "2024-08-14T00:00:00", "updated_da": "2024-08-22T00:00:00", "expected_d": "2024-08-22T00:00:00", "closed_dat": "2024-08-22T00:00:00", "address": "4938 BINGHAM ST", "zipcode": "19120", "media_url": null, "lat": 40.02425356, "lon": -75.113620755300005, "year": 2024, "month": 8 }, "geometry": { "type": "Point", "coordinates": [ 490304.797573378891684, 4430455.31448426656425 ] } },
{ "type": "Feature", "properties": { "objectid": 4861466.0, "service_re": 17063714.0, "subject": "Illegal Dumping", "status": "Closed", "status_not": null, "service_na": "Illegal Dumping", "service_co": "SR-ST02", "agency_res": "Streets Department", "service_no": "5 Business Days", "requested_": "2024-08-14T00:00:00", "updated_da": "2024-08-22T00:00:00", "expected_d": "2024-08-22T00:00:00", "closed_dat": "2024-08-22T00:00:00", "address": "4900 BINGHAM ST", "zipcode": "19120", "media_url": null, "lat": 40.023463408399998, "lon": -75.113695490699996, "year": 2024, "month": 8 }, "geometry": { "type": "Point", "coordinates": [ 490298.308516522170976, 4430367.623125456273556 ] } },
{ "type": "Feature", "properties": { "objectid": 4861493.0, "service_re": 17063745.0, "subject": "Illegal Dumping", "status": "Closed", "status_not": null, "service_na": "Illegal Dumping", "service_co": "SR-ST02", "agency_res": "Streets Department", "service_no": "5 Business Days", "requested_": "2024-08-14T00:00:00", "updated_da": "2024-08-22T00:00:00", "expected_d": "2024-08-22T00:00:00", "closed_dat": "2024-08-22T00:00:00", "address": "4964 BINGHAM ST", "zipcode": "19120", "media_url": null, "lat": 40.024784448600002, "lon": -75.113569787700001, "year": 2024, "month": 8 }, "geometry": { "type": "Point", "coordinates": [ 490309.221725246286951, 4430514.232650969177485 ] } },
{ "type": "Feature", "properties": { "objectid": 4861502.0, "service_re": 17063756.0, "subject": "Illegal Dumping", "status": "Closed", "status_not": null, "service_na": "Illegal Dumping", "service_co": "SR-ST02", "agency_res": "Streets Department", "service_no": "5 Business Days", "requested_": "2024-08-14T00:00:00", "updated_da": "2024-08-22T00:00:00", "expected_d": "2024-08-22T00:00:00", "closed_dat": "2024-08-22T00:00:00", "address": "5000 RORER ST", "zipcode": "19120", "media_url": null, "lat": 40.0250450646, "lon": -75.114612040400004, "year": 2024, "month": 8 }, "geometry": { "type": "Point", "coordinates": [ 490220.32470766879851, 4430543.272504329681396 ] } },
{ "type": "Feature", "properties": { "objectid": 4890993.0, "service_re": 17123944.0, "subject": "Illegal Dumping", "status": "Closed", "status_not": null, "service_na": "Illegal Dumping", "service_co": "SR-ST02", "agency_res": "Streets Department", "service_no": "5 Business Days", "requested_": "2024-09-04T00:00:00", "updated_da": "2024-09-10T00:00:00", "expected_d": "2024-09-12T00:00:00", "closed_dat": "2024-09-10T00:00:00", "address": "4777 WHITAKER AVE", "zipcode": "19120", "media_url": "https://d17aqltn7cihbm.cloudfront.net/uploads/large_2a7ff8f7e2b9adb50323d2232364101f", "lat": 40.0215949157, "lon": -75.112588378599995, "year": 2024, "month": 9 }, "geometry": { "type": "Point", "coordinates": [ 490392.516876929148566, 4430160.117861600592732 ] } },
{ "type": "Feature", "properties": { "objectid": 4877755.0, "service_re": 17085055.0, "subject": "Illegal Dumping", "status": "Closed", "status_not": null, "service_na": "Illegal Dumping", "service_co": "SR-ST02", "agency_res": "Streets Department", "service_no": "5 Business Days", "requested_": "2024-08-26T00:00:00", "updated_da": "2024-08-29T00:00:00", "expected_d": "2024-09-02T00:00:00", "closed_dat": "2024-08-29T00:00:00", "address": "5050 RORER ST", "zipcode": "19120", "media_url": "https://d17aqltn7cihbm.cloudfront.net/uploads/large_1e4045aef3721bd2f6c62b07a6a7f3e3", "lat": 40.0262142395, "lon": -75.114566207400003, "year": 2024, "month": 8 }, "geometry": { "type": "Point", "coordinates": [ 490224.402442538645118, 4430673.035072969272733 ] } },
{ "type": "Feature", "properties": { "objectid": 4878178.0, "service_re": 17085571.0, "subject": "Illegal Dumping", "status": "Closed", "status_not": null, "service_na": "Illegal Dumping", "service_co": "SR-ST02", "agency_res": "Streets Department", "service_no": "5 Business Days", "requested_": "2024-08-26T00:00:00", "updated_da": "2024-08-28T00:00:00", "expected_d": "2024-09-02T00:00:00", "closed_dat": "2024-08-28T00:00:00", "address": "4916 BINGHAM ST", "zipcode": "19120", "media_url": null, "lat": 40.023804358299998, "lon": -75.113660995999993, "year": 2024, "month": 8 }, "geometry": { "type": "Point", "coordinates": [ 490301.300246800528839, 4430405.461641768924892 ] } },
{ "type": "Feature", "properties": { "objectid": 4878350.0, "service_re": 17085796.0, "subject": "Illegal Dumping", "status": "Closed", "status_not": null, "service_na": "Illegal Dumping", "service_co": "SR-ST02", "agency_res": "Streets Department", "service_no": "5 Business Days", "requested_": "2024-08-26T00:00:00", "updated_da": "2024-08-28T00:00:00", "expected_d": "2024-09-03T00:00:00", "closed_dat": "2024-08-28T00:00:00", "address": "4908 BINGHAM ST", "zipcode": "19120", "media_url": null, "lat": 40.023620554700003, "lon": -75.113637288099994, "year": 2024, "month": 8 }, "geometry": { "type": "Point", "coordinates": [ 490303.297223781934008, 4430385.05857306253165 ] } },
{ "type": "Feature", "properties": { "objectid": 4905548.0, "service_re": 17148522.0, "subject": "Illegal Dumping", "status": "Closed", "status_not": null, "service_na": "Illegal Dumping", "service_co": "SR-ST02", "agency_res": "Streets Department", "service_no": "5 Business Days", "requested_": "2024-09-13T00:00:00", "updated_da": "2024-09-18T00:00:00", "expected_d": "2024-09-23T00:00:00", "closed_dat": "2024-09-18T00:00:00", "address": "4900 BINGHAM ST", "zipcode": "19120", "media_url": null, "lat": 40.023463408399998, "lon": -75.113695490699996, "year": 2024, "month": 9 }, "geometry": { "type": "Point", "coordinates": [ 490298.308516522170976, 4430367.623125456273556 ] } },
{ "type": "Feature", "properties": { "objectid": 4905556.0, "service_re": 17148535.0, "subject": "Illegal Dumping", "status": "Closed", "status_not": null, "service_na": "Illegal Dumping", "service_co": "SR-ST02", "agency_res": "Streets Department", "service_no": "5 Business Days", "requested_": "2024-09-13T00:00:00", "updated_da": "2024-09-18T00:00:00", "expected_d": "2024-09-23T00:00:00", "closed_dat": "2024-09-18T00:00:00", "address": "5000 BINGHAM ST", "zipcode": "19120", "media_url": null, "lat": 40.025096408800003, "lon": -75.113542514499997, "year": 2024, "month": 9 }, "geometry": { "type": "Point", "coordinates": [ 490311.593047957343515, 4430548.854379678145051 ] } },
{ "type": "Feature", "properties": { "objectid": 4905568.0, "service_re": 17148551.0, "subject": "Illegal Dumping", "status": "Closed", "status_not": null, "service_na": "Illegal Dumping", "service_co": "SR-ST02", "agency_res": "Streets Department", "service_no": "5 Business Days", "requested_": "2024-09-13T00:00:00", "updated_da": "2024-09-18T00:00:00", "expected_d": "2024-09-23T00:00:00", "closed_dat": "2024-09-18T00:00:00", "address": "5050 RORER ST", "zipcode": "19120", "media_url": null, "lat": 40.0262142395, "lon": -75.114566207400003, "year": 2024, "month": 9 }, "geometry": { "type": "Point", "coordinates": [ 490224.402442538645118, 4430673.035072969272733 ] } },
{ "type": "Feature", "properties": { "objectid": 4950012.0, "service_re": 17206788.0, "subject": "Illegal Dumping", "status": "Closed", "status_not": null, "service_na": "Illegal Dumping", "service_co": "SR-ST02", "agency_res": "Streets Department", "service_no": "5 Business Days", "requested_": "2024-10-16T00:00:00", "updated_da": "2024-10-19T00:00:00", "expected_d": "2024-10-23T00:00:00", "closed_dat": "2024-10-19T00:00:00", "address": "524 E ROOSEVELT BLVD", "zipcode": "19120", "media_url": "https://d17aqltn7cihbm.cloudfront.net/uploads/large_6a2ecde0719e6a61438fe0c1e7b173c9", "lat": 40.026475630699998, "lon": -75.114678812400001, "year": 2024, "month": 10 }, "geometry": { "type": "Point", "coordinates": [ 490214.831536856363527, 4430702.059439385309815 ] } },
{ "type": "Feature", "properties": { "objectid": 4957800.0, "service_re": 17216785.0, "subject": "Illegal Dumping", "status": "Closed", "status_not": null, "service_na": "Illegal Dumping", "service_co": "SR-ST02", "agency_res": "Streets Department", "service_no": "5 Business Days", "requested_": "2024-10-21T00:00:00", "updated_da": "2024-10-23T00:00:00", "expected_d": "2024-10-29T00:00:00", "closed_dat": "2024-10-23T00:00:00", "address": "425 E ROOSEVELT BLVD", "zipcode": "19120", "media_url": null, "lat": 40.027295990299997, "lon": -75.115148315900001, "year": 2024, "month": 10 }, "geometry": { "type": "Point", "coordinates": [ 490174.888018425670452, 4430793.16346101462841 ] } },
{ "type": "Feature", "properties": { "objectid": 4997490.0, "service_re": 17265524.0, "subject": "Illegal Dumping", "status": "Closed", "status_not": null, "service_na": "Illegal Dumping", "service_co": "SR-ST02", "agency_res": "Streets Department", "service_no": "5 Business Days", "requested_": "2024-11-11T00:00:00", "updated_da": "2024-11-15T00:00:00", "expected_d": "2024-11-18T00:00:00", "closed_dat": "2024-11-15T00:00:00", "address": "4779 WHITAKER AVE", "zipcode": "19120", "media_url": "https://d17aqltn7cihbm.cloudfront.net/uploads/large_e513b9080f6791f522aa693aa557a8b0", "lat": 40.021603270100002, "lon": -75.112511502299995, "year": 2024, "month": 11 }, "geometry": { "type": "Point", "coordinates": [ 490399.078120994148776, 4430161.036834833212197 ] } },
{ "type": "Feature", "properties": { "objectid": 5016339.0, "service_re": 17290467.0, "subject": "Illegal Dumping", "status": "Closed", "status_not": null, "service_na": "Illegal Dumping", "service_co": "SR-ST02", "agency_res": "Streets Department", "service_no": "5 Business Days", "requested_": "2024-11-25T00:00:00", "updated_da": "2024-11-27T00:00:00", "expected_d": "2024-12-03T00:00:00", "closed_dat": "2024-11-27T00:00:00", "address": "4918 BINGHAM ST", "zipcode": "19120", "media_url": null, "lat": 40.023844928199999, "lon": -75.113657513500002, "year": 2024, "month": 11 }, "geometry": { "type": "Point", "coordinates": [ 490301.603154341981281, 4430409.964147070422769 ] } },
{ "type": "Feature", "properties": { "objectid": 5016344.0, "service_re": 17290474.0, "subject": "Illegal Dumping", "status": "Closed", "status_not": null, "service_na": "Illegal Dumping", "service_co": "SR-ST02", "agency_res": "Streets Department", "service_no": "5 Business Days", "requested_": "2024-11-25T00:00:00", "updated_da": "2024-11-27T00:00:00", "expected_d": "2024-12-03T00:00:00", "closed_dat": "2024-11-27T00:00:00", "address": "4928 BINGHAM ST", "zipcode": "19120", "media_url": null, "lat": 40.024053592199998, "lon": -75.113639596100001, "year": 2024, "month": 11 }, "geometry": { "type": "Point", "coordinates": [ 490303.161586661008187, 4430433.121969822794199 ] } },
{ "type": "Feature", "properties": { "objectid": 5016357.0, "service_re": 17290489.0, "subject": "Illegal Dumping", "status": "Closed", "status_not": null, "service_na": "Illegal Dumping", "service_co": "SR-ST02", "agency_res": "Streets Department", "service_no": "5 Business Days", "requested_": "2024-11-25T00:00:00", "updated_da": "2024-12-05T00:00:00", "expected_d": "2024-12-03T00:00:00", "closed_dat": "2024-12-05T00:00:00", "address": "4948 BINGHAM ST", "zipcode": "19120", "media_url": null, "lat": 40.024468639600002, "lon": -75.11360018000001, "year": 2024, "month": 11 }, "geometry": { "type": "Point", "coordinates": [ 490306.583688316808548, 4430479.184087515808642 ] } },
{ "type": "Feature", "properties": { "objectid": 5019915.0, "service_re": 17295201.0, "subject": "Illegal Dumping", "status": "Closed", "status_not": null, "service_na": "Illegal Dumping", "service_co": "SR-ST02", "agency_res": "Streets Department", "service_no": "5 Business Days", "requested_": "2024-11-27T00:00:00", "updated_da": "2024-12-04T00:00:00", "expected_d": "2024-12-05T00:00:00", "closed_dat": "2024-12-04T00:00:00", "address": "E ROCKLAND ST & RORER ST", "zipcode": "19120", "media_url": null, "lat": 40.023505467600003, "lon": -75.114518682300002, "year": 2024, "month": 11 }, "geometry": { "type": "Point", "coordinates": [ 490228.071161634637974, 4430372.381271621212363 ] } },
{ "type": "Feature", "properties": { "objectid": 5008479.0, "service_re": 17280168.0, "subject": "Illegal Dumping", "status": "Closed", "status_not": null, "service_na": "Illegal Dumping", "service_co": "SR-ST02", "agency_res": "Streets Department", "service_no": "5 Business Days", "requested_": "2024-11-19T00:00:00", "updated_da": "2024-11-21T00:00:00", "expected_d": "2024-11-27T00:00:00", "closed_dat": "2024-11-21T00:00:00", "address": "4929 PENNWAY ST", "zipcode": "19124", "media_url": null, "lat": 40.0234529632, "lon": -75.109901489699993, "year": 2024, "month": 11 }, "geometry": { "type": "Point", "coordinates": [ 490622.051105399965309, 4430366.057561323978007 ] } },
{ "type": "Feature", "properties": { "objectid": 5020316.0, "service_re": 17296072.0, "subject": "Illegal Dumping", "status": "Closed", "status_not": null, "service_na": "Illegal Dumping", "service_co": "SR-ST02", "agency_res": "Streets Department", "service_no": "5 Business Days", "requested_": "2024-11-30T00:00:00", "updated_da": "2024-12-04T00:00:00", "expected_d": "2024-12-09T00:00:00", "closed_dat": "2024-12-04T00:00:00", "address": "760 E RUSCOMB ST", "zipcode": "19124", "media_url": null, "lat": 40.024678922600003, "lon": -75.110874279900003, "year": 2024, "month": 11 }, "geometry": { "type": "Point", "coordinates": [ 490539.211758453573566, 4430502.230521871708333 ] } },
{ "type": "Feature", "properties": { "objectid": 5028630.0, "service_re": 17307496.0, "subject": "Illegal Dumping", "status": "Closed", "status_not": null, "service_na": "Illegal Dumping", "service_co": "SR-ST02", "agency_res": "Streets Department", "service_no": "5 Business Days", "requested_": "2024-12-06T00:00:00", "updated_da": "2024-12-11T00:00:00", "expected_d": "2024-12-13T00:00:00", "closed_dat": "2024-12-11T00:00:00", "address": "4929 PENNWAY ST", "zipcode": "19124", "media_url": null, "lat": 40.0234529632, "lon": -75.109901489699993, "year": 2024, "month": 12 }, "geometry": { "type": "Point", "coordinates": [ 490622.051105399965309, 4430366.057561323978007 ] } },
{ "type": "Feature", "properties": { "objectid": 5053003.0, "service_re": 17341402.0, "subject": "Illegal Dumping", "status": "Closed", "status_not": null, "service_na": "Illegal Dumping", "service_co": "SR-ST02", "agency_res": "Streets Department", "service_no": "5 Business Days", "requested_": "2024-12-28T00:00:00", "updated_da": "2025-01-02T00:00:00", "expected_d": "2025-01-06T00:00:00", "closed_dat": "2025-01-02T00:00:00", "address": "4924 BINGHAM ST", "zipcode": "19120", "media_url": null, "lat": 40.023969403899997, "lon": -75.113646823699995, "year": 2024, "month": 12 }, "geometry": { "type": "Point", "coordinates": [ 490302.532936191535555, 4430423.778637188486755 ] } },
{ "type": "Feature", "properties": { "objectid": 5053020.0, "service_re": 17341422.0, "subject": "Illegal Dumping", "status": "Closed", "status_not": null, "service_na": "Illegal Dumping", "service_co": "SR-ST02", "agency_res": "Streets Department", "service_no": "5 Business Days", "requested_": "2024-12-28T00:00:00", "updated_da": "2025-01-02T00:00:00", "expected_d": "2025-01-06T00:00:00", "closed_dat": "2025-01-02T00:00:00", "address": "4946 BINGHAM ST", "zipcode": "19120", "media_url": null, "lat": 40.024422194499998, "lon": -75.113604624499999, "year": 2024, "month": 12 }, "geometry": { "type": "Point", "coordinates": [ 490306.19787420501234, 4430474.029600099660456 ] } }
]
}
