X,Y,T,A
486389.98296521616,4418399.281168299,1.0,1.0
486341.942266427,4419003.89533049,2.0,2.0
486058.41559969133,4419142.104233997,9.0,9.0
486058.41559969133,4419142.104233997,10.0,10.0
486926.06820729707,4419394.729434761,4.0,4.0
486054.0317988877,4418575.512392739,11.0,11.0
486879.64684555435,4419079.30728526,11.0,11.0
486400.871684265,4418463.440880642,11.0,11.0
486343.9316469266,4419211.029844895,5.0,5.0
486634.14683337364,4419311.78504466,5.0,5.0
486333.4690922071,4418351.674825982,5.0,5.0
486926.06820729707,4419394.729434761,12.0,12.0
486737.14808179426,4419083.001687668,6.0,6.0
486926.06820729707,4419394.729434761,12.0,12.0
486285.7546554713,4418866.3760623215,14.0,14.0
486451.5329323405,4418883.711708928,20.0,20.0
486338.76947854675,4418350.881028177,15.0,15.0
486269.8665577998,4418749.140990346,15.0,15.0
487002.43987755914,4418543.489166529,15.0,15.0
486081.3849758737,4419278.1241093725,15.0,15.0
486877.47908064025,4419065.1257962305,15.0,15.0
486678.4440522974,4419268.298271732,20.0,20.0
486682.5013191393,4419267.596566976,20.0,20.0
486628.0477985892,4418721.35254203,21.0,21.0
486089.0169606664,4419335.195190398,21.0,21.0
486108.239498906,4419277.94190961,21.0,21.0
486356.65640438185,4419371.676183079,21.0,21.0
486081.3849758737,4419278.1241093725,23.0,23.0
486779.9469893256,4419354.121896485,23.0,23.0
486698.3446892134,4418800.718900757,24.0,24.0
486095.20869236224,4419373.330662487,19.0,19.0
486065.76651546115,4419196.606822267,20.0,20.0
486148.21354910464,4418569.103794806,27.0,27.0
486557.82111290324,4418570.487116114,28.0,28.0
486372.3298232146,4419367.048685012,30.0,30.0
486898.9970845725,4419213.876425025,30.0,30.0
486548.9007500427,4418805.8672188055,32.0,32.0
486361.60108679207,4419370.834546486,35.0,35.0
486359.2048992641,4419386.464126195,36.0,36.0
486548.9007500427,4418805.8672188055,33.0,33.0
486785.7172526734,4418827.858352342,33.0,33.0
486734.75951828586,4419091.893248206,34.0,34.0
486608.5389599544,4418966.854675768,40.0,40.0
486058.46638578427,4419154.003076934,47.0,47.0
486620.2781761869,4419106.950006071,49.0,49.0
487111.31175895117,4419169.545708158,44.0,44.0
487002.43987755914,4418543.489166529,53.0,53.0
486061.14534597134,4418880.287952601,59.0,59.0
486195.689128987,4418613.89469901,59.0,59.0
487071.14407907624,4418387.988454701,60.0,60.0
486055.362443041,4419226.032357057,55.0,55.0
486328.08382563543,4418754.544303721,55.0,55.0
486442.82821382995,4418274.836179046,55.0,55.0
486469.45690157585,4418911.559468846,56.0,56.0
487113.56004840834,4418378.4173664,61.0,61.0
486565.44272732263,4418995.047702096,46.0,46.0
486592.8872946975,4419046.3408096805,46.0,46.0
486469.45690157585,4418911.559468846,56.0,56.0
486469.45690157585,4418911.559468846,56.0,56.0
486070.839325191,4419228.5782421,56.0,56.0
486472.2278254881,4418927.172343931,46.0,46.0
486500.8391288546,4419223.45272535,46.0,46.0
486512.4332120581,4418639.992845791,61.0,61.0
486799.83789545146,4419365.5594600625,56.0,56.0
486472.2278254881,4418927.172343931,62.0,62.0
486372.3298232146,4419367.048685012,65.0,65.0
486315.3723507556,4419018.743010761,65.0,65.0
486637.4856369934,4419332.274547843,66.0,66.0
486481.4616018623,4419211.120123855,62.0,62.0
486656.18250136444,4418896.269707485,66.0,66.0
486656.18250136444,4418896.269707485,66.0,66.0
486907.3130803795,4419286.03044173,66.0,66.0
486372.3298232146,4419367.048685012,66.0,66.0
486055.362443041,4419226.032357057,69.0,69.0
486702.6228475749,4418797.9546056185,69.0,69.0
486786.4187275196,4419367.9680978805,58.0,58.0
486786.4187275196,4419367.9680978805,58.0,58.0
486472.37494681566,4419168.960931711,71.0,71.0
486209.26411597274,4419358.564980707,71.0,71.0
486473.1429517052,4419173.30275179,71.0,71.0
486617.34824425424,4419027.428424653,71.0,71.0
486705.22484431235,4419093.089060139,71.0,71.0
487011.5476104065,4419408.059536572,68.0,68.0
486388.8695868243,4419279.10016676,68.0,68.0
486372.3298232146,4419367.048685012,73.0,73.0
486333.5148685368,4418624.679367628,73.0,73.0
486623.72916706506,4418832.630849659,75.0,75.0
487002.43987755914,4418543.489166529,75.0,75.0
486719.15692992654,4418973.857904441,74.0,74.0
486786.4187275196,4419367.9680978805,76.0,76.0
486786.4187275196,4419367.9680978805,76.0,76.0
486465.46782938053,4419210.493212731,76.0,76.0
486719.15692992654,4418973.857904441,88.0,88.0
486472.37494681566,4419168.960931711,88.0,88.0
486350.35456267535,4419002.477807653,89.0,89.0
486070.1033690064,4419223.658360438,76.0,76.0
486278.74689073634,4418340.530651727,77.0,77.0
486054.0317988877,4418575.512392739,83.0,83.0
486470.1695876805,4419154.77207755,83.0,83.0
486357.1157145042,4419289.310566794,89.0,89.0
486070.1033690064,4419223.658360438,77.0,77.0
486814.362579544,4418689.332019828,77.0,77.0
486442.5481776373,4418885.138759658,78.0,78.0
486235.1151293722,4419359.738515028,78.0,78.0
486061.14534597134,4418880.287952601,78.0,78.0
486209.8199070494,4419233.499713019,78.0,78.0
486238.97273631376,4419390.190850091,78.0,78.0
486372.3298232146,4419367.048685012,79.0,79.0
486472.37494681566,4419168.960931711,84.0,84.0
486350.35456267535,4419002.477807653,84.0,84.0
486212.16900870483,4419375.511782606,87.0,87.0
486484.8163030451,4419260.3418580815,90.0,90.0
486719.15692992654,4418973.857904441,90.0,90.0
486372.3298232146,4419367.048685012,80.0,80.0
486484.8163030451,4419260.3418580815,92.0,92.0
486340.1637006453,4419187.662290451,92.0,92.0
486458.6164523354,4419171.263427437,92.0,92.0
486900.86112637294,4418854.651619111,93.0,93.0
486906.4511490143,4418858.284079136,94.0,94.0
486066.2192151862,4419188.284051354,94.0,94.0
486656.18250136444,4418896.269707485,94.0,94.0
487167.80993647705,4418258.712318784,80.0,80.0
486569.0438201371,4418926.007051314,80.0,80.0
486493.28635298385,4419267.969597209,98.0,98.0
486372.3298232146,4419367.048685012,99.0,99.0
486705.8588487037,4419223.422212823,99.0,99.0
486705.8588487037,4419223.422212823,99.0,99.0
486372.3298232146,4419367.048685012,99.0,99.0
486330.8068451938,4418937.146960895,100.0,100.0
486372.3298232146,4419367.048685012,100.0,100.0
486340.1637006453,4419187.662290451,100.0,100.0
486340.93921008817,4419192.471743239,100.0,100.0
486352.12076592114,4418943.599913294,100.0,100.0
486489.3475052454,4419245.177947782,101.0,101.0
486070.1033690064,4419223.658360438,95.0,95.0
486507.77863038256,4418874.778188691,81.0,81.0
486451.5329323405,4418883.711708928,81.0,81.0
486470.1695876805,4419154.77207755,95.0,95.0
486343.9316469266,4419211.029844895,104.0,104.0
486568.98951682396,4418913.496387448,105.0,105.0
486434.34150280076,4419215.666793335,102.0,102.0
486098.93456265813,4418565.887644721,105.0,105.0
486350.35456267535,4419002.477807653,106.0,106.0
486079.8582155677,4419257.887651031,106.0,106.0
486079.8582155677,4419257.887651031,106.0,106.0
486181.6856891422,4418304.742142493,106.0,106.0
486435.44260150794,4418935.93828336,108.0,108.0
486346.14842868515,4419003.186566702,108.0,108.0
486070.1033690064,4419223.658360438,96.0,96.0
486372.3298232146,4419367.048685012,96.0,96.0
486070.1033690064,4419223.658360438,96.0,96.0
486372.3298232146,4419367.048685012,96.0,96.0
486361.60108679207,4419370.834546486,96.0,96.0
486362.1066816525,4419366.698416942,96.0,96.0
486922.99859745015,4418993.454589009,96.0,96.0
486340.1637006453,4419187.662290451,102.0,102.0
486372.3298232146,4419367.048685012,96.0,96.0
486451.5329323405,4418883.711708928,96.0,96.0
486484.56568384357,4419240.056369378,97.0,97.0
486484.56568384357,4419240.056369378,97.0,97.0
486484.56568384357,4419240.056369378,97.0,97.0
486568.98951682396,4418913.496387448,97.0,97.0
486212.16900870483,4419375.511782606,103.0,103.0
486376.18732192676,4419377.966742155,103.0,103.0
486490.1772017364,4419260.981453783,103.0,103.0
486451.5329323405,4418883.711708928,97.0,97.0
486169.09208532027,4418980.744006427,97.0,97.0
486656.18250136444,4418896.269707485,110.0,110.0
487068.42002894497,4419061.770693822,109.0,109.0
487045.2947857596,4419065.4688350335,110.0,110.0
486230.0907538729,4419344.160301004,117.0,117.0
486656.18250136444,4418896.269707485,117.0,117.0
486081.3849758737,4419278.1241093725,110.0,110.0
486340.1637006453,4419187.662290451,120.0,120.0
486496.27682372025,4419298.49426676,110.0,110.0
486496.27682372025,4419298.49426676,110.0,110.0
486490.1772017364,4419260.981453783,110.0,110.0
486340.1637006453,4419187.662290451,121.0,121.0
486281.5458390625,4418925.076712736,122.0,122.0
486331.71914297476,4419136.9396136245,119.0,119.0
486161.0521616313,4419173.859915799,119.0,119.0
486741.5009557316,4418933.529451782,111.0,111.0
486888.82768614514,4418714.078048226,125.0,125.0
486741.5009557316,4418933.529451782,125.0,125.0
486081.3849758737,4419278.1241093725,127.0,127.0
486230.0907538729,4419344.160301004,128.0,128.0
486148.54049252206,4419175.954248495,115.0,115.0
486349.22885811585,4419232.679558683,115.0,115.0
486341.70730747946,4419197.235228852,116.0,116.0
486496.9284445958,4419291.326789898,131.0,131.0
486551.3622022379,4418820.684080155,130.0,130.0
486052.92259819695,4419051.4971852945,132.0,132.0
486568.98951682396,4418913.496387448,136.0,136.0
486364.2188162654,4418520.949199027,136.0,136.0
486836.7601649938,4418917.299973484,136.0,136.0
486492.78440790845,4419288.99824454,137.0,137.0
486078.98954029696,4419273.285693871,138.0,138.0
486362.1066816525,4419366.698416942,130.0,130.0
486233.4108867328,4418827.809602767,138.0,138.0
486489.33827267506,4419268.574903697,139.0,139.0
486070.839824683,4418924.737336693,140.0,140.0
486467.7245964571,4419302.238674281,142.0,142.0
486287.7983578856,4418854.981825827,143.0,143.0
486081.3849758737,4419278.1241093725,143.0,143.0
486501.1020493837,4418833.203017535,143.0,143.0
486447.0306290037,4418884.426810853,130.0,130.0
486442.5481776373,4418885.138759658,131.0,131.0
486548.9007500427,4418805.8672188055,146.0,146.0
486333.4690922071,4418351.674825982,146.0,146.0
486063.78220255976,4419232.678614563,124.0,124.0
486070.1033690064,4419223.658360438,124.0,124.0
486070.1033690064,4419223.658360438,124.0,124.0
486155.208748076,4418838.72210791,147.0,147.0
486605.5523629043,4419117.780557327,152.0,152.0
486548.9007500427,4418805.8672188055,146.0,146.0
486111.6032329931,4418988.051459408,160.0,160.0
486372.3298232146,4419367.048685012,162.0,162.0
486199.5271534499,4419148.022872741,163.0,163.0
486630.56494992523,4418954.748508284,165.0,165.0
486629.1136203638,4418946.449817456,165.0,165.0
486203.41774091317,4418385.734242145,165.0,165.0
486280.30736746197,4418372.96828489,165.0,165.0
486067.79016753606,4419138.143902297,166.0,166.0
486364.4745749654,4418532.321992385,167.0,167.0
486268.38530057546,4418740.610785141,168.0,168.0
486372.3298232146,4419367.048685012,169.0,169.0
486836.7601649938,4418917.299973484,157.0,157.0
486372.3298232146,4419367.048685012,153.0,153.0
486340.1637006453,4419187.662290451,153.0,153.0
486340.1637006453,4419187.662290451,172.0,172.0
486364.4745749654,4418532.321992385,174.0,174.0
486745.74995364825,4418932.788994459,174.0,174.0
486333.4690922071,4418351.674825982,175.0,175.0
486058.7249723614,4418574.779791816,176.0,176.0
486053.93318928854,4418678.441025713,178.0,178.0
486504.50806324516,4419064.263326431,179.0,179.0
486169.6032703131,4418694.989273701,179.0,179.0
486504.50806324516,4419064.263326431,179.0,179.0
487083.17735624843,4418458.879453228,180.0,180.0
486258.751855369,4418289.757438621,180.0,180.0
486836.7601649938,4418917.299973484,180.0,180.0
486092.4361606127,4419331.456206057,182.0,182.0
486332.1021264845,4418808.322155426,182.0,182.0
486841.27818068996,4418867.065655255,182.0,182.0
486213.2624616951,4418437.038427708,182.0,182.0
486862.6420940388,4418912.84804417,183.0,183.0
486340.1637006453,4419187.662290451,186.0,186.0
486292.96564444306,4418672.694529666,186.0,186.0
486090.0363184774,4419086.525654484,186.0,186.0
486090.0363184774,4419086.525654484,186.0,186.0
486058.41559969133,4419142.104233997,187.0,187.0
486356.65640438185,4419371.676183079,187.0,187.0
486611.573590143,4418761.381593277,187.0,187.0
486357.77185862407,4418803.79142076,187.0,187.0
486820.2738395808,4418820.026175818,159.0,159.0
486340.1637006453,4419187.662290451,155.0,155.0
486836.7601649938,4418917.299973484,194.0,194.0
486836.7601649938,4418917.299973484,194.0,194.0
486711.8009149723,4418930.900852069,189.0,189.0
486711.8009149723,4418930.900852069,190.0,190.0
486711.8009149723,4418930.900852069,190.0,190.0
486783.3162678862,4418786.425752333,190.0,190.0
486783.3162678862,4418786.425752333,190.0,190.0
486362.1066816525,4419366.698416942,192.0,192.0
486484.56568384357,4419240.056369378,193.0,193.0
486828.96035361115,4418871.599163566,198.0,198.0
486079.8582155677,4419257.887651031,199.0,199.0
486340.1637006453,4419187.662290451,199.0,199.0
486847.8061529884,4418911.145602368,202.0,202.0
486442.04676609003,4419221.162385945,199.0,199.0
486528.4525566728,4418985.883886709,200.0,200.0
486316.3236051328,4418354.62316532,200.0,200.0
486340.1637006453,4419187.662290451,201.0,201.0
486850.2381094556,4418915.965770643,201.0,201.0
486467.739036034,4418838.651021918,201.0,201.0
486828.96035361115,4418871.599163566,197.0,197.0
486688.08034200035,4418801.477986575,211.0,211.0
486063.78220255976,4419232.678614563,212.0,212.0
486686.9620449632,4419403.7532647615,213.0,213.0
486461.650078963,4419266.815574422,213.0,213.0
486836.7601649938,4418917.299973484,202.0,202.0
486836.7601649938,4418917.299973484,202.0,202.0
487132.66248258174,4418491.873389643,202.0,202.0
486331.71914297476,4419136.9396136245,202.0,202.0
487153.0176515695,4418812.284096856,214.0,214.0
486320.35174569866,4419377.837772204,215.0,215.0
486364.1165442491,4418504.678182321,215.0,215.0
486489.33827267506,4419268.574903697,215.0,215.0
486072.8781038659,4419229.631276065,215.0,215.0
486413.48811012297,4418819.860708465,217.0,217.0
486089.0169606664,4419335.195190398,217.0,217.0
486357.77185862407,4418803.79142076,217.0,217.0
486348.73543266486,4418946.80819097,218.0,218.0
486348.73543266486,4418946.80819097,218.0,218.0
486348.73543266486,4418946.80819097,218.0,218.0
486395.6383864507,4418940.235317891,218.0,218.0
486835.18342717184,4418962.933677411,218.0,218.0
486765.0703170166,4418882.459365333,218.0,218.0
486090.04752870096,4419317.439188767,220.0,220.0
486879.31163594313,4419091.6669829255,220.0,220.0
486063.78220255976,4419232.678614563,221.0,221.0
486361.60108679207,4419370.834546486,222.0,222.0
486297.5601208727,4418635.084971827,223.0,223.0
486465.46782938053,4419210.493212731,209.0,209.0
486059.91144812224,4419091.660599108,209.0,209.0
486067.79016753606,4419138.143902297,227.0,227.0
486067.79016753606,4419138.143902297,227.0,227.0
486058.41559969133,4419142.104233997,228.0,228.0
486484.56568384357,4419240.056369378,203.0,203.0
486484.56568384357,4419240.056369378,203.0,203.0
486309.56376841234,4418674.473981723,229.0,229.0
486862.6420940388,4418912.84804417,225.0,225.0
486359.3264697568,4419350.56590816,230.0,230.0
486311.72823751176,4419008.073027148,231.0,231.0
486214.52917957347,4418960.843349784,231.0,231.0
486219.2776937289,4418984.991301735,233.0,233.0
486333.87644182186,4419150.968713986,234.0,234.0
486315.3723507556,4419018.743010761,234.0,234.0
486498.884488196,4419324.37526321,236.0,236.0
486813.7696016585,4418717.912342543,236.0,236.0
486376.2260839046,4419401.42355756,237.0,237.0
486205.5471755847,4418653.455140276,237.0,237.0
486240.7128706086,4419158.43740716,242.0,242.0
486124.80659456574,4419082.618135385,242.0,242.0
487117.10902964027,4418392.130155779,242.0,242.0
486489.33827267506,4419268.574903697,243.0,243.0
486240.7128706086,4419158.43740716,243.0,243.0
486858.3580945362,4418861.810940162,244.0,244.0
487004.333077628,4418849.698174075,244.0,244.0
487001.1718768205,4418828.031117628,244.0,244.0
486855.1671046414,4418866.975375557,244.0,244.0
486076.4766899923,4419188.030963031,245.0,245.0
486489.33827267506,4419268.574903697,247.0,247.0
486546.7092431811,4418501.4659654545,249.0,249.0
486063.78220255976,4419232.678614563,250.0,250.0
486490.94495973364,4419254.47204369,250.0,250.0
486714.2666363206,4419221.977269439,238.0,238.0
486998.13524044026,4418399.689977205,238.0,238.0
487196.6929770042,4418341.353814923,238.0,238.0
486432.9865210245,4418910.7288567005,238.0,238.0
486625.7390854011,4418759.029867849,238.0,238.0
486496.9284445958,4419291.326789898,240.0,240.0
486523.921395967,4418361.169426331,256.0,256.0
486502.824382611,4419324.230445347,256.0,256.0
487012.1188945153,4418874.671248346,252.0,252.0
486320.5812580801,4418548.814165286,252.0,252.0
486324.8162029916,4419190.109210151,252.0,252.0
487008.45365933934,4418579.598266529,253.0,253.0
486565.44272732263,4418995.047702096,253.0,253.0
486390.5089219585,4419317.397912774,253.0,253.0
486311.72823751176,4419008.073027148,205.0,205.0
486109.581546032,4418900.405103711,255.0,255.0
486496.27682372025,4419298.49426676,255.0,255.0
486503.60055711726,4419328.652502993,255.0,255.0
486340.1637006453,4419187.662290451,259.0,259.0
486305.0292331558,4419147.417262824,257.0,257.0
486256.3908866,4418408.498252904,258.0,258.0
486333.4690922071,4418351.674825982,206.0,206.0
486340.1637006453,4419187.662290451,260.0,260.0
486256.3908866,4418408.498252904,263.0,263.0
486903.95243259484,4418571.398463292,263.0,263.0
486110.9684738036,4418738.883451724,265.0,265.0
486330.8462294812,4419016.164418843,266.0,266.0
486481.4616018623,4419211.120123855,269.0,269.0
486351.07254266925,4418534.617774041,270.0,270.0
486565.44272732263,4418995.047702096,270.0,270.0
486711.8009149723,4418930.900852069,269.0,269.0
486348.73543266486,4418946.80819097,269.0,269.0
486711.8009149723,4418930.900852069,273.0,273.0
486340.1637006453,4419187.662290451,274.0,274.0
486490.1772017364,4419260.981453783,277.0,277.0
486467.7245964571,4419302.238674281,277.0,277.0
486253.14620320493,4418380.461520269,279.0,279.0
486656.18250136444,4418896.269707485,280.0,280.0
486844.0227027004,4418804.351871264,288.0,288.0
486734.75951828586,4419091.893248206,285.0,285.0
486496.97860261734,4418771.693266279,289.0,289.0
486350.35456267535,4419002.477807653,290.0,290.0
486568.9631135631,4418768.532604272,285.0,285.0
486497.8178156286,4418782.009107448,285.0,285.0
486472.8618564879,4418633.676355147,281.0,281.0
486340.1637006453,4419187.662290451,283.0,283.0
486531.2776114043,4418991.252061032,284.0,284.0
486698.01915606693,4418798.721355498,284.0,284.0
486528.33443782816,4419003.274603449,284.0,284.0
486340.1637006453,4419187.662290451,284.0,284.0
486253.14620320493,4418380.461520269,284.0,284.0
486822.40018807235,4418832.999890518,291.0,291.0
486481.4616018623,4419211.120123855,291.0,291.0
486545.6958068018,4418786.574866692,291.0,291.0
486702.76628203376,4418891.242811163,285.0,285.0
486472.8618564879,4418633.676355147,291.0,291.0
486356.65640438185,4419371.676183079,294.0,294.0
486560.1806285004,4418873.289087949,286.0,286.0
486502.26585344697,4418796.134117197,286.0,286.0
486568.9631135631,4418768.532604272,286.0,286.0
486253.14620320493,4418380.461520269,286.0,286.0
486253.14620320493,4418380.461520269,286.0,286.0
486411.83015289437,4419033.773796774,286.0,286.0
486495.4595406663,4419281.906524042,298.0,298.0
486634.14683337364,4419311.78504466,298.0,298.0
486702.76628203376,4418891.242811163,287.0,287.0
486340.1637006453,4419187.662290451,303.0,303.0
486461.650078963,4419266.815574422,304.0,304.0
486423.79815547814,4418857.432955839,300.0,300.0
486192.25061123434,4419119.778321556,305.0,305.0
487164.7984237355,4418954.6028246,305.0,305.0
486719.15692992654,4418973.857904441,306.0,306.0
486809.0830029654,4419293.660277201,306.0,306.0
486436.8474674876,4418962.982487058,313.0,313.0
486098.93456265813,4418565.887644721,313.0,313.0
486456.4663832517,4419211.989404702,307.0,307.0
486361.60108679207,4419370.834546486,319.0,319.0
486340.1637006453,4419187.662290451,320.0,320.0
486150.6557712454,4419264.193868011,322.0,322.0
486496.27682372025,4419298.49426676,322.0,322.0
486333.4690922071,4418351.674825982,308.0,308.0
486069.0848510902,4419142.582710549,308.0,308.0
486372.3298232146,4419367.048685012,323.0,323.0
486565.44272732263,4418995.047702096,324.0,324.0
486584.61194037355,4418994.419099855,325.0,325.0
486449.61434187496,4419307.334713291,325.0,325.0
486364.4745749654,4418532.321992385,326.0,326.0
486372.3298232146,4419367.048685012,327.0,327.0
486372.3298232146,4419367.048685012,327.0,327.0
486352.5912776799,4419368.362582526,332.0,332.0
486600.65329556743,4419099.410269351,334.0,334.0
486579.1076069912,4418962.262866983,335.0,335.0
486583.8825973545,4419001.788046674,335.0,335.0
486619.9763340713,4418674.772362431,336.0,336.0
487067.3496109061,4419387.679026899,315.0,315.0
486389.98296521616,4418399.281168299,315.0,315.0
486719.15692992654,4418973.857904441,318.0,318.0
486796.7646887267,4418570.9704493,337.0,337.0
486629.5754110833,4419283.581837735,311.0,311.0
486424.59427537397,4418862.0848860005,338.0,338.0
486364.2188162654,4418520.949199027,341.0,341.0
486340.1637006453,4419187.662290451,339.0,339.0
486359.3799321529,4418500.519074518,344.0,344.0
486721.4703133245,4419354.972236958,344.0,344.0
486825.1862001932,4419010.163169507,340.0,340.0
486503.60055711726,4419328.652502993,351.0,351.0
486340.1637006453,4419187.662290451,347.0,347.0
486318.97239391535,4418539.77820676,348.0,348.0
486368.3638133892,4418531.7504414655,348.0,348.0
486726.87541354523,4419219.793064335,363.0,363.0
486423.14124137315,4418797.756199687,364.0,364.0
486367.1787731793,4418999.639153365,361.0,361.0
486656.18250136444,4418896.269707485,362.0,362.0
486546.7092431811,4418501.4659654545,365.0,0.0
486502.02796664246,4419319.693067024,375.0,10.0
486467.2269856646,4419113.93692184,377.0,12.0
486606.74254917586,4418320.533530031,377.0,12.0
486625.92243494315,4418416.325192342,378.0,13.0
486372.3298232146,4419367.048685012,378.0,13.0
486625.92243494315,4418416.325192342,378.0,13.0
486213.58620906575,4418416.057509304,383.0,18.0
486057.6774955008,4419286.163653382,385.0,20.0
486340.1637006453,4419187.662290451,387.0,22.0
486734.15939456446,4418887.7900420325,387.0,22.0
486372.3298232146,4419367.048685012,387.0,22.0
486736.7150357172,4418902.431415568,387.0,22.0
486393.42839576036,4419278.325415983,388.0,23.0
487052.60274196643,4418686.148704488,389.0,24.0
486442.04676609003,4419221.162385945,389.0,24.0
486592.8872946975,4419046.3408096805,390.0,25.0
487094.9761030724,4418555.799369613,372.0,7.0
486360.92108430114,4418509.596519529,373.0,8.0
486131.72661632113,4418699.843907908,391.0,26.0
486445.97586658626,4418989.311695752,393.0,28.0
486555.6655449774,4418992.622119622,399.0,34.0
486523.8047187924,4418984.735978978,400.0,35.0
486496.97860261734,4418771.693266279,401.0,36.0
486343.193326033,4419206.451023486,402.0,37.0
486655.942146905,4418614.044840607,399.0,34.0
486497.8178156286,4418782.009107448,399.0,34.0
486486.05750537175,4419226.036509903,404.0,39.0
486496.97860261734,4418771.693266279,405.0,40.0
486657.76026595593,4418978.971282202,406.0,41.0
486333.4690922071,4418351.674825982,406.0,41.0
486496.97860261734,4418771.693266279,406.0,41.0
486887.9798593713,4419125.951621987,406.0,41.0
486887.9798593713,4419125.951621987,406.0,41.0
486496.97860261734,4418771.693266279,407.0,42.0
486361.60108679207,4419370.834546486,407.0,42.0
486054.0317988877,4418575.512392739,403.0,38.0
486496.97860261734,4418771.693266279,403.0,38.0
486781.0494452174,4419338.125597956,410.0,45.0
486781.0494452174,4419338.125597956,410.0,45.0
486213.58620906575,4418416.057509304,411.0,46.0
486781.0494452174,4419338.125597956,411.0,46.0
486636.5784088068,4418485.537176278,411.0,46.0
486172.4967643144,4418715.421537958,409.0,44.0
486333.4690922071,4418351.674825982,413.0,48.0
486467.62807368994,4418647.513784826,413.0,48.0
486592.8872946975,4419046.3408096805,416.0,51.0
486781.0494452174,4419338.125597956,417.0,52.0
486878.95416248013,4419074.775761945,421.0,56.0
486878.95416248013,4419074.775761945,421.0,56.0
486352.5912776799,4419368.362582526,423.0,58.0
486887.9798593713,4419125.951621987,413.0,48.0
486717.48162053886,4418964.189073329,413.0,48.0
486311.72823751176,4419008.073027148,426.0,61.0
486063.78220255976,4419232.678614563,426.0,61.0
486068.6458396937,4419214.5668824585,426.0,61.0
486167.23730789725,4419268.690566271,426.0,61.0
486352.5912776799,4419368.362582526,431.0,66.0
486311.72823751176,4419008.073027148,431.0,66.0
486311.72823751176,4419008.073027148,432.0,67.0
486364.4745749654,4418532.321992385,432.0,67.0
486361.60108679207,4419370.834546486,434.0,69.0
486345.5441691627,4418951.901992358,433.0,68.0
486592.8872946975,4419046.3408096805,433.0,68.0
486467.7245964571,4419302.238674281,430.0,65.0
486656.18250136444,4418896.269707485,440.0,75.0
486467.7245964571,4419302.238674281,445.0,80.0
486467.7245964571,4419302.238674281,445.0,80.0
486717.48162053886,4418964.189073329,445.0,80.0
486089.8523010819,4419327.784965096,446.0,81.0
487197.1524117356,4419157.596568683,441.0,76.0
486463.56206185505,4419302.947353553,442.0,77.0
486813.7696016585,4418717.912342543,447.0,82.0
486488.4881938808,4418835.262793898,447.0,82.0
486428.1285688469,4419130.032435909,442.0,77.0
486717.8223918625,4419305.413416875,442.0,77.0
486057.6774955008,4419286.163653382,437.0,72.0
486375.4084215061,4419396.660902404,444.0,79.0
487064.3367149361,4418348.413729996,437.0,72.0
486376.18732192676,4419377.966742155,449.0,84.0
486557.93378124945,4419250.5181905,450.0,85.0
486217.0416582282,4418909.197360992,451.0,86.0
486954.5118155782,4418551.842391384,451.0,86.0
486473.1429517052,4419173.30275179,452.0,87.0
486356.65640438185,4419371.676183079,452.0,87.0
486440.753191017,4419127.90140974,452.0,87.0
486213.58620906575,4418416.057509304,452.0,87.0
486175.9587085288,4418723.616384432,453.0,88.0
486352.0020965111,4418730.518178376,453.0,88.0
486204.5158934732,4418908.2839364605,453.0,88.0
486656.18250136444,4418896.269707485,453.0,88.0
486333.4690922071,4418351.674825982,454.0,89.0
486278.061153679,4419003.062172642,454.0,89.0
486588.3087160695,4419040.5653437795,455.0,90.0
486402.650865176,4419173.997960417,455.0,90.0
486175.9587085288,4418723.616384432,456.0,91.0
486656.18250136444,4418896.269707485,459.0,94.0
486340.1637006453,4419187.662290451,465.0,100.0
486392.15108437365,4418358.052293626,465.0,100.0
486219.79218286613,4418742.164368853,466.0,101.0
486175.9587085288,4418723.616384432,461.0,96.0
486057.6774955008,4419286.163653382,467.0,102.0
487003.0938233904,4418398.026614561,467.0,102.0
486516.42366257217,4418924.086045361,468.0,103.0
486081.3849758737,4419278.1241093725,469.0,104.0
486574.32862386043,4418661.012033156,469.0,104.0
486481.4616018623,4419211.120123855,470.0,105.0
487067.3294444646,4418653.171154675,470.0,105.0
486575.08738561027,4418629.623101715,462.0,97.0
486403.77748500434,4419359.665338377,462.0,97.0
486222.5683232572,4418684.3714997675,462.0,97.0
486374.9563626436,4419225.519536847,472.0,107.0
487196.6929770042,4418341.353814923,472.0,107.0
486805.1017747571,4418924.9483694285,472.0,107.0
486333.4690922071,4418351.674825982,476.0,111.0
486376.18732192676,4419377.966742155,476.0,111.0
486620.90676817525,4418759.832118922,476.0,111.0
486285.35778815055,4418368.797931064,476.0,111.0
486805.1017747571,4418924.9483694285,474.0,109.0
486598.31313464977,4419282.107105468,474.0,109.0
486600.9565863944,4419279.523107822,474.0,109.0
486364.4745749654,4418532.321992385,476.0,111.0
486884.407301746,4418270.730608529,476.0,111.0
486681.09356688906,4419127.262657928,480.0,115.0
486407.3851171008,4418502.034863748,481.0,116.0
486586.6633604021,4419332.017492142,481.0,116.0
486345.5441691627,4418951.901992358,482.0,117.0
486626.2029679823,4418647.634572423,483.0,118.0
486256.3908866,4418408.498252904,483.0,118.0
486567.79150536255,4418628.853416469,483.0,118.0
486575.08738561027,4418629.623101715,484.0,119.0
486087.68028476136,4419047.367794222,484.0,119.0
486340.1637006453,4419187.662290451,484.0,119.0
486340.1637006453,4419187.662290451,484.0,119.0
486087.68028476136,4419047.367794222,484.0,119.0
486571.5435945288,4418657.247775627,485.0,120.0
486888.9774738664,4418810.206755172,486.0,121.0
486310.2681967248,4419186.841705079,486.0,121.0
486087.68028476136,4419047.367794222,486.0,121.0
486704.9366395562,4418839.331653606,487.0,122.0
486568.98951682396,4418913.496387448,487.0,122.0
487194.1681068755,4418383.067546727,487.0,122.0
486285.35778815055,4418368.797931064,487.0,122.0
486541.75631388003,4419110.553190294,478.0,113.0
486375.4084215061,4419396.660902404,488.0,123.0
486696.4959516743,4419035.851760641,488.0,123.0
486372.50507459475,4418371.124588126,489.0,124.0
486150.8325401598,4419271.080418885,489.0,124.0
486377.3350326158,4418370.257734734,489.0,124.0
486698.3446892134,4418800.718900757,489.0,124.0
486375.4084215061,4419396.660902404,489.0,124.0
486820.4965166137,4419340.046038954,489.0,124.0
486656.18250136444,4418896.269707485,480.0,115.0
486656.18250136444,4418896.269707485,480.0,115.0
486155.42609474156,4419270.294691286,490.0,125.0
486557.93378124945,4419250.5181905,439.0,74.0
486958.38856571686,4418574.891656973,490.0,125.0
486442.5481776373,4418885.138759658,490.0,125.0
486447.0306290037,4418884.426810853,490.0,125.0
486968.57590298116,4419279.089356917,491.0,126.0
486966.8117314301,4419404.822681307,494.0,129.0
486057.6774955008,4419286.163653382,495.0,130.0
486057.6774955008,4419286.163653382,495.0,130.0
486801.6080391689,4418643.775233006,495.0,130.0
486181.47689027525,4419265.772048044,496.0,131.0
486318.3967875192,4418528.60886234,496.0,131.0
487093.69773738534,4418538.615455873,480.0,115.0
486565.44272732263,4418995.047702096,496.0,131.0
486256.3908866,4418408.498252904,496.0,131.0
486685.3443527499,4419126.543886291,496.0,131.0
486966.8117314301,4419404.822681307,497.0,132.0
486703.05186816567,4418904.204600295,498.0,133.0
486402.0471221899,4419227.784998324,503.0,138.0
486221.9838127916,4419174.118032832,500.0,135.0
486514.4431378261,4418982.423886354,501.0,136.0
486741.5009557316,4418933.529451782,501.0,136.0
486340.1637006453,4419187.662290451,501.0,136.0
487094.15681224765,4418551.172402827,501.0,136.0
486740.447566267,4419115.294089477,501.0,136.0
486238.5874932211,4419379.01411427,501.0,136.0
486276.06039572204,4418524.799846119,502.0,137.0
486256.3908866,4418408.498252904,503.0,138.0
486309.56376841234,4418674.473981723,515.0,150.0
487003.1947307824,4418680.265664549,515.0,150.0
486711.8009149723,4418930.900852069,516.0,151.0
486376.18732192676,4419377.966742155,516.0,151.0
486359.2048992641,4419386.464126195,516.0,151.0
486655.942146905,4418614.044840607,516.0,151.0
486843.23769264703,4418503.811299484,516.0,151.0
486153.69570380927,4419288.395362658,516.0,151.0
486411.1735477177,4419313.842600373,517.0,152.0
486440.9631916468,4418693.02462228,517.0,152.0
486796.7646887267,4418570.9704493,517.0,152.0
486376.18732192676,4419377.966742155,517.0,152.0
486060.26752299187,4419093.597122928,504.0,139.0
486369.5823388117,4419139.9060923,504.0,139.0
486655.7805209955,4418468.473992196,504.0,139.0
486741.5009557316,4418933.529451782,505.0,140.0
486309.56376841234,4418674.473981723,517.0,152.0
486309.56376841234,4418674.473981723,517.0,152.0
486150.8325401598,4419271.080418885,508.0,143.0
486684.7402910966,4419124.272869611,507.0,142.0
486150.8325401598,4419271.080418885,507.0,142.0
486309.56376841234,4418674.473981723,507.0,142.0
486442.04676609003,4419221.162385945,508.0,143.0
486059.11844385124,4419334.17643548,518.0,153.0
486142.7414609534,4419346.385196566,518.0,153.0
486059.11844385124,4419334.17643548,518.0,153.0
486051.5160259183,4419335.45673348,518.0,153.0
486442.8391437266,4418692.571173823,518.0,153.0
486862.6420940388,4418912.84804417,523.0,158.0
486050.94215768576,4419234.861081214,523.0,158.0
486089.8523010819,4419327.784965096,524.0,159.0
486079.8582155677,4419257.887651031,524.0,159.0
487131.44284466456,4418820.355835776,524.0,159.0
486750.8497534435,4419186.466982951,525.0,160.0
486596.0534427424,4419062.1682265755,519.0,154.0
486467.7245964571,4419302.238674281,526.0,161.0
486361.60108679207,4419370.834546486,526.0,161.0
486565.44272732263,4418995.047702096,528.0,163.0
486442.8391437266,4418692.571173823,529.0,164.0
486600.65329556743,4419099.410269351,529.0,164.0
486356.65640438185,4419371.676183079,530.0,165.0
486340.93921008817,4419192.471743239,531.0,166.0
486467.7245964571,4419302.238674281,531.0,166.0
486181.47689027525,4419265.772048044,531.0,166.0
486150.6557712454,4419264.193868011,531.0,166.0
486209.0788932753,4419228.879697249,521.0,156.0
486050.94215768576,4419234.861081214,522.0,157.0
486441.04131445877,4419308.75990944,533.0,168.0
486467.7245964571,4419302.238674281,533.0,168.0
486340.1637006453,4419187.662290451,533.0,168.0
486489.33827267506,4419268.574903697,536.0,171.0
486427.1419407276,4418601.993806458,536.0,171.0
486449.6121129607,4419307.335083831,537.0,172.0
486340.1637006453,4419187.662290451,537.0,172.0
486507.9720377861,4419354.787274664,537.0,172.0
486187.1038821358,4418562.500853054,537.0,172.0
486364.908406299,4418509.33842453,522.0,157.0
486162.45536905475,4418425.568357584,522.0,157.0
486333.4690922071,4418351.674825982,522.0,157.0
486195.1192842459,4418389.638105045,522.0,157.0
486080.68547489634,4418472.314158092,510.0,145.0
486330.8068451938,4418937.146960895,510.0,145.0
486122.19141250243,4418703.7928094305,510.0,145.0
486503.3432512094,4418815.595665296,538.0,173.0
486364.908406299,4418509.33842453,539.0,174.0
486449.0135688542,4419268.934575613,539.0,174.0
486365.43035472743,4419140.605766216,539.0,174.0
486544.1323567706,4419387.436992621,523.0,158.0
486711.8009149723,4418930.900852069,543.0,178.0
486081.3849758737,4419278.1241093725,544.0,179.0
486935.43758543395,4418262.378138559,544.0,179.0
486150.8325401598,4419271.080418885,511.0,146.0
486216.65025203547,4419275.484986265,540.0,175.0
486372.3298232146,4419367.048685012,540.0,175.0
486356.65640438185,4419371.676183079,511.0,146.0
486361.60108679207,4419370.834546486,541.0,176.0
486338.20644213865,4418877.942152312,544.0,179.0
486549.07462390227,4419252.019361419,545.0,180.0
486586.7207142816,4418494.528008433,545.0,180.0
486449.6121129607,4419307.335083831,545.0,180.0
486718.52681463165,4419168.080431197,542.0,177.0
486467.7245964571,4419302.238674281,545.0,180.0
486514.12408231257,4419062.654104874,543.0,178.0
486217.0416582282,4418909.197360992,543.0,178.0
486504.7939442097,4418824.400074173,550.0,185.0
486528.5480492563,4419060.240282611,551.0,186.0
486318.3967875192,4418528.60886234,551.0,186.0
486321.1768039381,4418626.831463658,552.0,187.0
486333.5148685368,4418624.679367628,552.0,187.0
486449.6121129607,4419307.335083831,546.0,181.0
486356.65640438185,4419371.676183079,546.0,181.0
486063.78220255976,4419232.678614563,546.0,181.0
486079.8582155677,4419257.887651031,549.0,184.0
486169.09208532027,4418980.744006427,549.0,184.0
486361.60108679207,4419370.834546486,550.0,185.0
486496.9284445958,4419291.326789898,550.0,185.0
486333.5148685368,4418624.679367628,553.0,188.0
486947.74323942704,4418900.514402986,553.0,188.0
486566.78167613567,4419104.202627752,554.0,189.0
486441.04131445877,4419308.75990944,554.0,189.0
486340.1637006453,4419187.662290451,554.0,189.0
486310.2681967248,4419186.841705079,554.0,189.0
486449.6121129607,4419307.335083831,556.0,191.0
486449.6121129607,4419307.335083831,556.0,191.0
486668.088091593,4419231.882073389,556.0,191.0
486449.6121129607,4419307.335083831,556.0,191.0
486655.2490702487,4419232.042301223,556.0,191.0
486497.8178156286,4418782.009107448,557.0,192.0
486089.0169606664,4419335.195190398,557.0,192.0
486954.69737654587,4418988.068576845,558.0,193.0
486952.24672645493,4418897.625174531,563.0,198.0
486331.71914297476,4419136.9396136245,564.0,199.0
486216.65025203547,4419275.484986265,558.0,193.0
486141.36117900343,4418827.426244584,559.0,194.0
486204.64827187976,4419176.87072422,560.0,195.0
486340.1637006453,4419187.662290451,560.0,195.0
486281.5458390625,4418925.076712736,564.0,199.0
486473.06203737645,4419160.9288179185,564.0,199.0
486331.71914297476,4419136.9396136245,565.0,200.0
486612.7897039391,4418765.080362915,565.0,200.0
486630.11134192906,4419275.623022444,566.0,201.0
486497.8178156286,4418782.009107448,566.0,201.0
486344.65035735274,4418915.979398287,566.0,201.0
486234.54161118023,4418687.163563492,566.0,201.0
486221.9838127916,4419174.118032832,562.0,197.0
486372.3298232146,4419367.048685012,563.0,198.0
487071.14407907624,4418387.988454701,572.0,207.0
486451.5329323405,4418883.711708928,572.0,207.0
486360.1283221051,4418504.971956388,573.0,208.0
486305.13190673915,4419149.499750315,573.0,208.0
486835.2147865696,4419099.274012771,573.0,208.0
487023.0110353204,4418665.189503967,574.0,209.0
486637.573821154,4418973.885088586,574.0,209.0
486632.95271204837,4418970.3824883895,574.0,209.0
486535.75985999877,4418728.479953792,574.0,209.0
486216.65025203547,4419275.484986265,575.0,210.0
486564.38018786605,4418414.54710747,575.0,210.0
486356.04153478285,4419181.944587921,575.0,210.0
486360.1283221051,4418504.971956388,576.0,211.0
486147.6030889288,4419374.904354363,567.0,202.0
486147.6030889288,4419374.904354363,567.0,202.0
486491.92406329414,4418754.180396455,567.0,202.0
486361.60108679207,4419370.834546486,577.0,212.0
486372.3298232146,4419367.048685012,567.0,202.0
486998.13524044026,4418399.689977205,568.0,203.0
486147.6030889288,4419374.904354363,568.0,203.0
487048.9998199877,4419024.41460463,568.0,203.0
486867.58046054305,4418782.820194084,568.0,203.0
486923.9397385847,4418346.524644465,570.0,205.0
486305.13190673915,4419149.499750315,570.0,205.0
487140.152836681,4418263.471739378,570.0,205.0
486540.2403799924,4419320.5706298025,578.0,213.0
486360.1283221051,4418504.971956388,578.0,213.0
486362.1066816525,4419366.698416942,578.0,213.0
486372.3298232146,4419367.048685012,579.0,214.0
486362.1066816525,4419366.698416942,571.0,206.0
486838.4509508029,4418584.922357177,571.0,206.0
486147.6030889288,4419374.904354363,572.0,207.0
486473.06203737645,4419160.9288179185,581.0,216.0
486629.5754110833,4419283.581837735,581.0,216.0
486440.2895342747,4418688.945124399,582.0,217.0
486806.1107843024,4419205.596513,582.0,217.0
486376.18732192676,4419377.966742155,583.0,218.0
486372.3298232146,4419367.048685012,584.0,219.0
486629.5754110833,4419283.581837735,584.0,219.0
486420.8179612744,4419406.461084731,585.0,220.0
486279.2114902245,4418534.500275325,579.0,214.0
486806.1107843024,4419205.596513,579.0,214.0
486063.29368000577,4419182.2131858645,580.0,215.0
486316.64434471837,4419242.405589597,580.0,215.0
486376.18732192676,4419377.966742155,585.0,220.0
486376.18732192676,4419377.966742155,586.0,221.0
486458.6164523354,4419171.263427437,592.0,227.0
486511.1890796733,4419289.007999944,592.0,227.0
486478.083764543,4419291.388579767,592.0,227.0
486571.47194160067,4419226.04323308,592.0,227.0
486441.1249491394,4419296.236323264,592.0,227.0
486155.11464317853,4418896.484952548,592.0,227.0
486786.9688116087,4418513.658307494,587.0,222.0
486376.18732192676,4419377.966742155,587.0,222.0
486506.8414602344,4418831.084266295,588.0,223.0
486356.65640438185,4419371.676183079,588.0,223.0
486360.1283221051,4418504.971956388,588.0,223.0
486478.083764543,4419291.388579767,590.0,225.0
486248.26026087,4418919.356924677,591.0,226.0
486230.1351454206,4419354.4598109815,591.0,226.0
486375.4084215061,4419396.660902404,512.0,147.0
486555.6655449774,4418992.622119622,513.0,148.0
486719.15692992654,4418973.857904441,513.0,148.0
486372.3298232146,4419367.048685012,513.0,148.0
486132.2407737478,4419284.472698436,513.0,148.0
486372.3298232146,4419367.048685012,593.0,228.0
486481.4616018623,4419211.120123855,593.0,228.0
486362.61930974614,4419321.246303657,593.0,228.0
486376.18732192676,4419377.966742155,593.0,228.0
487186.776609774,4419405.798084314,595.0,230.0
486382.3253315371,4419363.3644624315,593.0,228.0
486413.4429936421,4418991.817014665,596.0,231.0
486340.1637006453,4419187.662290451,596.0,231.0
486364.908406299,4418509.33842453,596.0,231.0
486702.9125695748,4418996.361425542,597.0,232.0
486258.751855369,4418289.757438621,597.0,232.0
486063.78220255976,4419232.678614563,598.0,233.0
486361.60108679207,4419370.834546486,598.0,233.0
486592.8872946975,4419046.3408096805,598.0,233.0
486656.18250136444,4418896.269707485,598.0,233.0
486721.21925670817,4418986.918894297,598.0,233.0
486248.26026087,4418919.356924677,594.0,229.0
486680.63184598816,4419227.735686659,594.0,229.0
486340.1637006453,4419187.662290451,599.0,234.0
486442.04676609003,4419221.162385945,599.0,234.0
486587.836585193,4418922.739797213,600.0,235.0
486583.8825973545,4419001.788046674,601.0,236.0
486718.6648450109,4418981.470221501,601.0,236.0
486583.8825973545,4419001.788046674,601.0,236.0
486234.75783661497,4418913.609714433,601.0,236.0
486489.33827267506,4419268.574903697,601.0,236.0
487064.3367149361,4418348.413729996,602.0,237.0
486565.44272732263,4418995.047702096,604.0,239.0
486592.8872946975,4419046.3408096805,605.0,240.0
486656.18250136444,4418896.269707485,606.0,241.0
487152.0277229499,4418348.048517619,606.0,241.0
486805.5309671055,4418732.844276123,606.0,241.0
486544.1323567706,4419387.436992621,606.0,241.0
486592.8872946975,4419046.3408096805,607.0,242.0
486364.2188162654,4418520.949199027,607.0,242.0
486998.13524044026,4418399.689977205,608.0,243.0
486246.3581049918,4418899.286331809,608.0,243.0
486998.13524044026,4418399.689977205,609.0,244.0
486592.8872946975,4419046.3408096805,621.0,256.0
487140.42258800037,4418280.847135134,622.0,257.0
486496.97860261734,4418771.693266279,623.0,258.0
486167.3324861497,4418683.684015705,623.0,258.0
486058.46638578427,4419154.003076934,613.0,248.0
486167.3324861497,4418683.684015705,616.0,251.0
486372.3298232146,4419367.048685012,613.0,248.0
486489.33043496724,4418796.111586344,617.0,252.0
486279.47198396403,4418546.452079519,623.0,258.0
486499.8547917241,4418794.423835513,614.0,249.0
486958.38856571686,4418574.891656973,623.0,258.0
486521.9603399576,4418920.583395125,623.0,258.0
486958.38856571686,4418574.891656973,623.0,258.0
486581.3928894653,4418975.840855891,623.0,258.0
486224.1886507943,4418767.868914645,623.0,258.0
486467.1744776847,4418515.186440452,624.0,259.0
486348.7967697179,4418938.06002864,626.0,261.0
486579.1076069912,4418962.262866983,626.0,261.0
486157.7370020159,4418695.209084292,626.0,261.0
486813.7696016585,4418717.912342543,627.0,262.0
486592.8872946975,4419046.3408096805,618.0,253.0
486668.99897540984,4418751.375043314,620.0,255.0
486684.7402910966,4419124.272869611,631.0,266.0
486455.85431388573,4418517.133969757,631.0,266.0
486903.1711490238,4419047.116762074,631.0,266.0
486717.54570248077,4418993.587239352,631.0,266.0
486718.52681463165,4419168.080431197,632.0,267.0
486596.3963111229,4419086.916924125,633.0,268.0
486592.8872946975,4419046.3408096805,633.0,268.0
486705.27904175397,4418841.318947475,633.0,268.0
486565.44272732263,4418995.047702096,627.0,262.0
486060.26752299187,4419093.597122928,627.0,262.0
486372.3298232146,4419367.048685012,628.0,263.0
486360.1283221051,4418504.971956388,628.0,263.0
486830.3021878134,4418723.887483023,628.0,263.0
486830.3021878134,4418723.887483023,628.0,263.0
486066.2192151862,4419188.284051354,628.0,263.0
486494.5432491169,4418486.752386958,628.0,263.0
486232.88722405385,4418532.294327327,628.0,263.0
486318.97239391535,4418539.77820676,628.0,263.0
486360.92108430114,4418509.596519529,628.0,263.0
486364.4745749654,4418532.321992385,628.0,263.0
486383.95187199814,4418533.757659168,628.0,263.0
486414.03591326316,4418524.1195797,628.0,263.0
486246.3581049918,4418899.286331809,628.0,263.0
486466.35413285124,4419109.110726386,628.0,263.0
486463.7007613464,4419094.439650454,629.0,264.0
486465.4838426377,4419104.298700038,629.0,264.0
486480.36440561886,4419101.54237744,629.0,264.0
486426.9804623511,4418886.530937704,629.0,264.0
486372.3298232146,4419367.048685012,630.0,265.0
486364.2188162654,4418520.949199027,636.0,271.0
486388.8695868243,4419279.10016676,637.0,272.0
486903.1711490238,4419047.116762074,637.0,272.0
486757.12110036786,4419222.898995833,634.0,269.0
486340.1637006453,4419187.662290451,637.0,272.0
486451.5329323405,4418883.711708928,614.0,249.0
486592.8872946975,4419046.3408096805,615.0,250.0
486689.9557165326,4418986.788167547,638.0,273.0
486361.60108679207,4419370.834546486,640.0,275.0
486387.8322403978,4418658.796745444,642.0,277.0
486234.75783661497,4418913.609714433,642.0,277.0
486360.1283221051,4418504.971956388,642.0,277.0
486592.8872946975,4419046.3408096805,642.0,277.0
486361.60108679207,4419370.834546486,640.0,275.0
486340.1637006453,4419187.662290451,641.0,276.0
486583.8825973545,4419001.788046674,654.0,289.0
486656.18250136444,4418896.269707485,654.0,289.0
486813.6414687639,4418781.422459587,643.0,278.0
486786.9688116087,4418513.658307494,656.0,291.0
486280.1151715547,4418819.599829963,643.0,278.0
486912.3565803316,4419315.534894497,656.0,291.0
486912.3565803316,4419315.534894497,656.0,291.0
486630.3235013955,4418672.936331205,650.0,285.0
486565.44272732263,4418995.047702096,652.0,287.0
486583.8825973545,4419001.788046674,645.0,280.0
486592.8872946975,4419046.3408096805,645.0,280.0
486656.18250136444,4418896.269707485,645.0,280.0
486340.1637006453,4419187.662290451,647.0,282.0
487131.44284466456,4418820.355835776,658.0,293.0
486524.92887025204,4419065.420967494,657.0,292.0
486123.69832387497,4418886.263108663,659.0,294.0
486787.3055480465,4419372.785917608,661.0,296.0
486253.0283022134,4419026.535844922,661.0,296.0
486234.75783661497,4418913.609714433,661.0,296.0
486592.8872946975,4419046.3408096805,663.0,298.0
486318.3967875192,4418528.60886234,669.0,304.0
486958.38856571686,4418574.891656973,672.0,307.0
486162.5869147605,4418930.306489088,664.0,299.0
486426.9343961653,4418875.758803968,664.0,299.0
486253.0283022134,4419026.535844922,664.0,299.0
486220.1110667199,4418989.916686101,675.0,310.0
486726.7194054063,4419017.283117618,675.0,310.0
486279.47198396403,4418546.452079519,675.0,310.0
486703.54110625386,4419082.834486915,675.0,310.0
486173.70165089436,4419398.909196795,675.0,310.0
486656.18250136444,4418896.269707485,675.0,310.0
486958.38856571686,4418574.891656973,675.0,310.0
486165.03617421933,4418425.102410546,676.0,311.0
486592.8872946975,4419046.3408096805,671.0,306.0
486376.18732192676,4419377.966742155,664.0,299.0
486592.8872946975,4419046.3408096805,677.0,312.0
486427.7198386961,4418880.348343294,664.0,299.0
487059.3234469717,4418623.569393475,677.0,312.0
486439.5249371678,4418412.565683825,677.0,312.0
486140.03197251156,4418385.1594722625,685.0,320.0
486702.62868373515,4419080.606875321,686.0,321.0
486873.9114452318,4419298.551769051,678.0,313.0
486592.8872946975,4419046.3408096805,679.0,314.0
486958.38856571686,4418574.891656973,679.0,314.0
486589.5638747343,4419026.492847602,680.0,315.0
486734.08501340233,4419076.875094506,680.0,315.0
486656.18250136444,4418896.269707485,681.0,316.0
486583.8825973545,4419001.788046674,681.0,316.0
487137.2234671712,4418518.8946407335,689.0,324.0
486432.2541276808,4419129.336044888,689.0,324.0
486360.92108430114,4418509.596519529,681.0,316.0
486361.60108679207,4419370.834546486,682.0,317.0
487138.62015600974,4418725.84926111,682.0,317.0
486356.65640438185,4419371.676183079,683.0,318.0
486319.8033917722,4418544.445388979,692.0,327.0
486364.4745749654,4418532.321992385,683.0,318.0
486592.2401925556,4419051.700809499,683.0,318.0
486568.98951682396,4418913.496387448,683.0,318.0
486324.8162029916,4419190.109210151,684.0,319.0
486372.3298232146,4419367.048685012,684.0,319.0
486733.28041146434,4419083.258946613,697.0,332.0
486592.8872946975,4419046.3408096805,697.0,332.0
486656.18250136444,4418896.269707485,697.0,332.0
486656.18250136444,4418896.269707485,697.0,332.0
486224.82600026607,4419322.917769006,697.0,332.0
486279.47198396403,4418546.452079519,697.0,332.0
487071.54640484,4418417.33569985,665.0,300.0
486218.789477353,4418994.5033691,697.0,332.0
486592.8872946975,4419046.3408096805,666.0,301.0
486235.7310336244,4419114.328765532,700.0,335.0
486612.93094326643,4419286.217498204,698.0,333.0
486340.1637006453,4419187.662290451,699.0,334.0
486340.1637006453,4419187.662290451,699.0,334.0
486218.789477353,4418994.5033691,699.0,334.0
486311.72823751176,4419008.073027148,668.0,303.0
486360.92108430114,4418509.596519529,699.0,334.0
486885.81293274654,4418719.157000057,668.0,303.0
486738.682205309,4419092.206572098,706.0,341.0
486131.72661632113,4418699.843907908,713.0,348.0
486725.80697737145,4419012.444035749,713.0,348.0
486592.8872946975,4419046.3408096805,713.0,348.0
486279.47198396403,4418546.452079519,707.0,342.0
486160.2725098322,4419127.169976937,707.0,342.0
486430.8275556497,4418640.732967359,708.0,343.0
486131.72661632113,4418699.843907908,708.0,343.0
487145.377498063,4418767.234504832,711.0,346.0
486324.8162029916,4419190.109210151,712.0,347.0
486376.18732192676,4419377.966742155,705.0,340.0
486218.789477353,4418994.5033691,706.0,341.0
486218.789477353,4418994.5033691,706.0,341.0
486218.789477353,4418994.5033691,706.0,341.0
486218.789477353,4418994.5033691,706.0,341.0
486238.97273631376,4419390.190850091,706.0,341.0
486443.09065199393,4418705.84738277,715.0,350.0
486711.5357976336,4418798.5110948775,719.0,354.0
486248.26026087,4418919.356924677,719.0,354.0
486340.1637006453,4419187.662290451,715.0,350.0
486702.76628203376,4418891.242811163,726.0,361.0
486726.7194054063,4419017.283117618,726.0,361.0
486656.18250136444,4418896.269707485,726.0,361.0
486599.62916488375,4419106.250063373,727.0,362.0
486333.4690922071,4418351.674825982,717.0,352.0
486381.81727746146,4418909.523794663,728.0,363.0
486247.42413031554,4418685.101736495,728.0,363.0
486970.1250289581,4419037.827989157,717.0,352.0
487140.152836681,4418263.471739378,719.0,354.0
486502.2995933213,4418508.933725891,730.0,0.0
486502.2995933213,4418508.933725891,730.0,0.0
486592.8872946975,4419046.3408096805,731.0,1.0
486599.62916488375,4419106.250063373,731.0,1.0
486430.8275556497,4418640.732967359,731.0,1.0
486656.18250136444,4418896.269707485,731.0,1.0
487188.4198591713,4419105.97975451,731.0,1.0
486656.18250136444,4418896.269707485,731.0,1.0
486163.2117341318,4419286.721393771,732.0,2.0
486210.5529273906,4419238.069891881,735.0,5.0
486599.62916488375,4419106.250063373,736.0,6.0
487003.1019991161,4419260.413130222,738.0,8.0
486534.21346998244,4418503.383815398,738.0,8.0
486726.7194054063,4419017.283117618,738.0,8.0
486592.8872946975,4419046.3408096805,738.0,8.0
486599.62916488375,4419106.250063373,738.0,8.0
486238.97273631376,4419390.190850091,739.0,9.0
486656.18250136444,4418896.269707485,740.0,10.0
486887.0979629582,4419367.079930431,732.0,2.0
486412.3286677087,4419358.190806247,732.0,2.0
486561.95113392145,4418595.965687029,733.0,3.0
486221.9467244211,4418689.179355152,733.0,3.0
486265.35973073065,4418677.428342166,733.0,3.0
486702.76628203376,4418891.242811163,733.0,3.0
486592.8872946975,4419046.3408096805,733.0,3.0
486340.1637006453,4419187.662290451,734.0,4.0
486360.92108430114,4418509.596519529,747.0,17.0
486257.11595634214,4418412.765204107,741.0,11.0
486322.7611393135,4418561.423484506,748.0,18.0
486077.6140203206,4418998.532559655,742.0,12.0
486443.09065199393,4418705.84738277,742.0,12.0
486578.6217945486,4419002.909586553,743.0,13.0
486604.8639660051,4419113.563251281,743.0,13.0
486664.63928561535,4418899.458231181,743.0,13.0
486230.0907538729,4419344.160301004,744.0,14.0
486238.97273631376,4419390.190850091,746.0,16.0
486318.97239391535,4418539.77820676,746.0,16.0
486318.97239391535,4418539.77820676,746.0,16.0
486340.1637006453,4419187.662290451,746.0,16.0
486698.3446892134,4418800.718900757,758.0,28.0
486656.18250136444,4418896.269707485,759.0,29.0
486502.2995933213,4418508.933725891,759.0,29.0
486878.42723971116,4419368.604949129,754.0,24.0
486489.33827267506,4419268.574903697,753.0,23.0
486490.8660230777,4419277.629037007,764.0,34.0
486177.44127248286,4419031.38719977,764.0,34.0
486805.5309671055,4418732.844276123,765.0,35.0
486914.63470348157,4418714.142474569,765.0,35.0
486416.0362309882,4419033.064485559,765.0,35.0
486696.7154912925,4419028.555925703,765.0,35.0
486327.0398318538,4419096.448582418,766.0,36.0
486805.5309671055,4418732.844276123,762.0,32.0
486104.01569068525,4419042.779398246,766.0,36.0
486502.2995933213,4418508.933725891,755.0,25.0
486564.38018786605,4418414.54710747,763.0,33.0
486318.3605784467,4418810.825341442,763.0,33.0
487017.3472823135,4419029.784062204,755.0,25.0
486648.89648213517,4418974.45071585,770.0,40.0
487011.41492675734,4419028.6932131285,770.0,40.0
487022.3782671188,4419026.8214524565,756.0,26.0
486885.21235937666,4419356.078419355,756.0,26.0
486382.3253315371,4419363.3644624315,758.0,28.0
486592.8872946975,4419046.3408096805,771.0,41.0
486309.56376841234,4418674.473981723,772.0,42.0
486150.9801665808,4419394.677904427,769.0,39.0
486924.78470674483,4419363.850881899,783.0,53.0
486340.1637006453,4419187.662290451,774.0,44.0
486912.3565803316,4419315.534894497,778.0,48.0
486278.74689073634,4418340.530651727,783.0,53.0
486320.577822846,4418783.78533202,784.0,54.0
486787.5862979667,4419399.24807611,784.0,54.0
486680.78421274986,4419023.846896074,781.0,51.0
486702.76628203376,4418891.242811163,781.0,51.0
486787.5862979667,4419399.24807611,781.0,51.0
486603.91647101473,4419004.492214825,781.0,51.0
486282.7919722684,4418548.135577698,784.0,54.0
486787.5862979667,4419399.24807611,784.0,54.0
486318.3967875192,4418528.60886234,784.0,54.0
486279.2114902245,4418534.500275325,784.0,54.0
486238.97273631376,4419390.190850091,785.0,55.0
486230.1351454206,4419354.4598109815,785.0,55.0
486368.3638133892,4418531.7504414655,782.0,52.0
486314.22975428385,4418495.987599975,782.0,52.0
486318.3967875192,4418528.60886234,786.0,56.0
486276.965749747,4419154.333319146,790.0,60.0
486333.87644182186,4419150.968713986,790.0,60.0
486592.8872946975,4419046.3408096805,791.0,61.0
486496.9284445958,4419291.326789898,791.0,61.0
486574.3033683997,4419334.149773426,791.0,61.0
486507.77863038256,4418874.778188691,792.0,62.0
486507.77863038256,4418874.778188691,792.0,62.0
486438.91960549174,4418680.649183584,794.0,64.0
486717.54570248077,4418993.587239352,794.0,64.0
486704.9366395562,4418839.331653606,794.0,64.0
486438.91960549174,4418680.649183584,794.0,64.0
487085.1854609382,4419380.63182953,795.0,65.0
486717.54570248077,4418993.587239352,794.0,64.0
486437.805839132,4418885.8919863645,794.0,64.0
486656.18250136444,4418896.269707485,794.0,64.0
486369.90630443365,4418540.846484882,794.0,64.0
486469.5143937801,4419128.055184306,794.0,64.0
486320.577822846,4418783.78533202,788.0,58.0
486234.75783661497,4418913.609714433,788.0,58.0
486283.95246783097,4418554.9701321265,788.0,58.0
486223.8845343188,4418776.885578405,789.0,59.0
486320.577822846,4418783.78533202,789.0,59.0
486143.2567772748,4418547.931700243,789.0,59.0
486617.3061859894,4419007.765376712,800.0,70.0
486696.7154912925,4419028.555925703,800.0,70.0
486356.04153478285,4419181.944587921,801.0,71.0
486319.0820084278,4418775.32045521,794.0,64.0
486516.26090999175,4419404.918456775,806.0,76.0
486567.2084202787,4418426.407943146,807.0,77.0
487003.7495486745,4419407.668791688,801.0,71.0
486455.85431388573,4418517.133969757,796.0,66.0
486578.6766856335,4418699.411684734,802.0,72.0
486057.6774955008,4419286.163653382,804.0,74.0
486564.38018786605,4418414.54710747,805.0,75.0
486504.50806324516,4419064.263326431,812.0,82.0
486497.21809441457,4418709.568659361,809.0,79.0
486361.60108679207,4419370.834546486,813.0,83.0
486583.8825973545,4419001.788046674,811.0,81.0
486319.8033917722,4418544.445388979,811.0,81.0
486757.12110036786,4419222.898995833,811.0,81.0
486473.06203737645,4419160.9288179185,817.0,87.0
486405.8044443188,4418475.631854593,818.0,88.0
486320.577822846,4418783.78533202,798.0,68.0
486340.1637006453,4419187.662290451,824.0,94.0
486786.4187275196,4419367.9680978805,824.0,94.0
487118.28514433955,4418406.695785199,825.0,95.0
486702.9125695748,4418996.361425542,798.0,68.0
486584.61194037355,4418994.419099855,800.0,70.0
486562.60020845843,4418887.61428233,800.0,70.0
486320.577822846,4418783.78533202,800.0,70.0
486211.54944126937,4418691.302383318,829.0,99.0
487040.07725379,4418688.198720006,829.0,99.0
486592.8872946975,4419046.3408096805,830.0,100.0
486341.942266427,4419003.89533049,830.0,100.0
486372.3298232146,4419367.048685012,830.0,100.0
486640.38712079026,4419348.597038464,821.0,91.0
486372.3298232146,4419367.048685012,822.0,92.0
486644.8722218492,4418559.236136775,822.0,92.0
487194.1681068755,4418383.067546727,833.0,103.0
486442.04676609003,4419221.162385945,834.0,104.0
486265.35973073065,4418677.428342166,829.0,99.0
486364.2188162654,4418520.949199027,835.0,105.0
486131.72661632113,4418699.843907908,832.0,102.0
486369.5823388117,4419139.9060923,839.0,109.0
486382.3253315371,4419363.3644624315,839.0,109.0
486443.09065199393,4418705.84738277,832.0,102.0
486369.5823388117,4419139.9060923,832.0,102.0
487032.3978840641,4418703.356345989,832.0,102.0
487022.4079548512,4418478.312039529,832.0,102.0
486507.54337066534,4418872.799014639,832.0,102.0
486954.5118155782,4418551.842391384,836.0,106.0
486507.54337066534,4418872.799014639,839.0,109.0
486340.1637006453,4419187.662290451,837.0,107.0
486400.59806471,4418797.020252294,839.0,109.0
486597.22278800653,4419091.72116954,839.0,109.0
486102.24370301905,4418704.917974183,839.0,109.0
486583.8825973545,4419001.788046674,839.0,109.0
486583.8825973545,4419001.788046674,839.0,109.0
486428.05564372113,4418654.244544756,837.0,107.0
486221.9467244211,4418689.179355152,837.0,107.0
486088.8884315944,4418992.038934701,840.0,110.0
486376.18732192676,4419377.966742155,840.0,110.0
486305.0292331558,4419147.417262824,840.0,110.0
486372.3298232146,4419367.048685012,841.0,111.0
486422.2100480175,4418589.760856883,842.0,112.0
486970.1250289581,4419037.827989157,843.0,113.0
486376.2260839046,4419401.42355756,843.0,113.0
487096.5400265052,4418975.795415526,843.0,113.0
486640.38712079026,4419348.597038464,843.0,113.0
486438.91960549174,4418680.649183584,838.0,108.0
486438.91960549174,4418680.649183584,838.0,108.0
486079.52048121387,4418556.324572415,833.0,103.0
486361.60108679207,4419370.834546486,844.0,114.0
486361.60108679207,4419370.834546486,845.0,115.0
486589.5638747343,4419026.492847602,845.0,115.0
486725.97185789887,4419029.8896605875,845.0,115.0
486954.5118155782,4418551.842391384,845.0,115.0
487156.13083865895,4419093.613046013,845.0,115.0
486430.8275556497,4418640.732967359,846.0,116.0
486640.38712079026,4419348.597038464,847.0,117.0
486440.8009792474,4418680.107931173,854.0,124.0
486102.24370301905,4418704.917974183,854.0,124.0
486372.3298232146,4419367.048685012,857.0,127.0
486640.38712079026,4419348.597038464,847.0,117.0
486640.38712079026,4419348.597038464,850.0,120.0
486730.69624379533,4419067.64082865,858.0,128.0
486333.5120936852,4418812.78963452,858.0,128.0
486504.7939442097,4418824.400074173,859.0,129.0
486574.6119753774,4418959.328079926,859.0,129.0
486376.18732192676,4419377.966742155,859.0,129.0
486640.38712079026,4419348.597038464,860.0,130.0
486425.91624072153,4419359.7102835355,860.0,130.0
486432.91976339184,4419354.64015871,860.0,130.0
486827.3805382823,4418768.873420136,851.0,121.0
486531.2776114043,4418991.252061032,861.0,131.0
486361.60108679207,4419370.834546486,851.0,121.0
486757.12110036786,4419222.898995833,848.0,118.0
486361.60108679207,4419370.834546486,848.0,118.0
486656.18250136444,4418896.269707485,849.0,119.0
486333.5120936852,4418812.78963452,849.0,119.0
487023.0110353204,4418665.189503967,863.0,133.0
486698.01915606693,4418798.721355498,851.0,121.0
486546.7092431811,4418501.4659654545,850.0,120.0
486435.041787157,4418650.5173153365,851.0,121.0
486209.63464026386,4418688.409764697,851.0,121.0
486092.72987803,4418706.545839224,851.0,121.0
486122.19141250243,4418703.7928094305,851.0,121.0
487063.4312532099,4419109.554839222,865.0,135.0
486432.91976339184,4419354.64015871,865.0,135.0
486340.1637006453,4419187.662290451,852.0,122.0
486583.8825973545,4419001.788046674,864.0,134.0
486581.3928894653,4418975.840855891,864.0,134.0
486656.18250136444,4418896.269707485,864.0,134.0
486372.3298232146,4419367.048685012,866.0,136.0
486102.24370301905,4418704.917974183,866.0,136.0
486333.5120936852,4418812.78963452,864.0,134.0
486368.3638133892,4418531.7504414655,865.0,135.0
486340.1637006453,4419187.662290451,865.0,135.0
487093.79466271127,4418523.459926546,865.0,135.0
486348.0639118647,4419369.154381377,865.0,135.0
486326.21796906734,4418811.7583193295,871.0,141.0
486356.65640438185,4419371.676183079,867.0,137.0
486205.3670395566,4419181.4171062885,854.0,124.0
486368.3638133892,4418531.7504414655,868.0,138.0
487194.1681068755,4418383.067546727,868.0,138.0
486361.60108679207,4419370.834546486,872.0,142.0
487076.0659167868,4419199.285532243,868.0,138.0
486786.9688116087,4418513.658307494,868.0,138.0
486333.5120936852,4418812.78963452,872.0,142.0
486947.4922097885,4418798.04504045,869.0,139.0
486375.4084215061,4419396.660902404,869.0,139.0
486230.0907538729,4419344.160301004,872.0,142.0
487076.0659167868,4419199.285532243,871.0,141.0
486435.88763233507,4419269.139168336,871.0,141.0
486442.04676609003,4419221.162385945,873.0,143.0
486227.23308934947,4419337.420804777,873.0,143.0
486094.8137289471,4418553.60413774,882.0,152.0
486582.1616968745,4418707.383362818,883.0,153.0
486350.70137106895,4418449.093453747,875.0,145.0
486698.01915606693,4418798.721355498,875.0,145.0
486067.79016753606,4419138.143902297,875.0,145.0
486947.392472677,4418484.381055005,884.0,154.0
486376.06140832667,4419377.2375400225,885.0,155.0
486457.3165246366,4419267.542262961,885.0,155.0
486583.8825973545,4419001.788046674,885.0,155.0
486565.44272732263,4418995.047702096,885.0,155.0
486451.5329323405,4418883.711708928,886.0,156.0
486786.9688116087,4418513.658307494,877.0,147.0
486372.3298232146,4419367.048685012,878.0,148.0
486979.36275965517,4418672.754808984,886.0,156.0
486583.6688551772,4418988.976232698,886.0,156.0
486564.21670397604,4418897.184791237,886.0,156.0
486592.8872946975,4419046.3408096805,886.0,156.0
486379.3295404245,4418800.29434523,886.0,156.0
486507.7619566509,4418640.760994356,887.0,157.0
486361.60108679207,4419370.834546486,879.0,149.0
486074.82947844546,4418994.520966257,879.0,149.0
486883.2738889326,4419099.453664176,879.0,149.0
486333.5120936852,4418812.78963452,874.0,144.0
486786.9688116087,4418513.658307494,887.0,157.0
486400.59806471,4418797.020252294,887.0,157.0
486128.82601052785,4418887.538206317,887.0,157.0
486279.4204381923,4418523.944198802,879.0,149.0
486159.2876816064,4418653.018504836,875.0,145.0
486656.18250136444,4418896.269707485,887.0,157.0
486993.6088823151,4418364.943866255,880.0,150.0
487196.6929770042,4418341.353814923,880.0,150.0
486204.64827187976,4419176.87072422,880.0,150.0
486340.1637006453,4419187.662290451,881.0,151.0
486457.3165246366,4419267.542262961,881.0,151.0
486786.9688116087,4418513.658307494,888.0,158.0
486128.82601052785,4418887.538206317,894.0,164.0
486746.1788118899,4418302.425875233,894.0,164.0
486786.9688116087,4418513.658307494,894.0,164.0
486220.1299289972,4419347.11950625,882.0,152.0
486796.7646887267,4418570.9704493,882.0,152.0
486796.7646887267,4418570.9704493,882.0,152.0
486433.80760502245,4418640.33203063,895.0,165.0
486568.98951682396,4418913.496387448,901.0,171.0
486372.3298232146,4419367.048685012,901.0,171.0
486076.4766899923,4419188.030963031,902.0,172.0
486353.5414848231,4418465.939517369,902.0,172.0
486746.8052639055,4418297.063423689,889.0,159.0
486473.06203737645,4419160.9288179185,889.0,159.0
486340.1637006453,4419187.662290451,890.0,160.0
486473.9232137763,4419271.0814032145,895.0,165.0
486109.581546032,4418900.405103711,892.0,162.0
486467.7245964571,4419302.238674281,903.0,173.0
486372.3298232146,4419367.048685012,893.0,163.0
486281.6052689759,4419380.457644382,903.0,173.0
486150.9801665808,4419394.677904427,904.0,174.0
487054.9483210894,4418881.638134535,896.0,166.0
486656.18250136444,4418896.269707485,906.0,176.0
486592.8872946975,4419046.3408096805,906.0,176.0
486574.6119753774,4418959.328079926,906.0,176.0
486361.60108679207,4419370.834546486,906.0,176.0
486457.3165246366,4419267.542262961,894.0,164.0
486592.8872946975,4419046.3408096805,897.0,167.0
486372.3298232146,4419367.048685012,908.0,178.0
486078.3673536375,4419199.70610054,912.0,182.0
486568.98951682396,4418913.496387448,913.0,183.0
487054.2484177212,4418593.947565385,898.0,168.0
486592.8872946975,4419046.3408096805,914.0,184.0
486583.8825973545,4419001.788046674,914.0,184.0
486656.18250136444,4418896.269707485,914.0,184.0
486066.2192151862,4419188.284051354,899.0,169.0
486372.3298232146,4419367.048685012,900.0,170.0
486076.4766899923,4419188.030963031,914.0,184.0
487063.4312532099,4419109.554839222,915.0,185.0
486503.2459901114,4418641.503606944,915.0,185.0
486117.4388056994,4418664.11135783,915.0,185.0
486315.65760376205,4418504.447266186,916.0,186.0
486398.4957435775,4419221.616783305,900.0,170.0
486398.4957435775,4419221.616783305,900.0,170.0
486076.4766899923,4419188.030963031,900.0,170.0
487054.2484177212,4418593.947565385,900.0,170.0
486076.4766899923,4419188.030963031,900.0,170.0
486592.8872946975,4419046.3408096805,900.0,170.0
486501.1020493837,4418833.203017535,900.0,170.0
486549.0027222814,4418899.746553987,900.0,170.0
486457.3165246366,4419267.542262961,900.0,170.0
486362.1066816525,4419366.698416942,900.0,170.0
486503.2459901114,4418641.503606944,900.0,170.0
486430.8275556497,4418640.732967359,900.0,170.0
487054.2484177212,4418593.947565385,901.0,171.0
486208.39110563963,4418925.228159303,918.0,188.0
486340.1637006453,4419187.662290451,918.0,188.0
486771.8710143266,4419309.098157141,917.0,187.0
486360.92108430114,4418509.596519529,917.0,187.0
486376.06140832667,4419377.2375400225,919.0,189.0
486935.10499215114,4418322.788595738,919.0,189.0
486564.90704055707,4419383.773488251,924.0,194.0
486462.3515089418,4419305.217262572,924.0,194.0
486467.7245964571,4419302.238674281,924.0,194.0
486458.1499240138,4419062.360531784,924.0,194.0
486583.8825973545,4419001.788046674,920.0,190.0
486466.01256970904,4419292.04870999,925.0,195.0
486066.8331292908,4419277.910770047,926.0,196.0
486583.8825973545,4419001.788046674,926.0,196.0
486568.98951682396,4418913.496387448,926.0,196.0
486538.3862385198,4418916.200287537,927.0,197.0
486538.3862385198,4418916.200287537,927.0,197.0
486489.89240541286,4418741.576826092,927.0,197.0
486592.32200845773,4419062.640532903,927.0,197.0
486702.76628203376,4418891.242811163,928.0,198.0
486581.52453784796,4418976.01437664,928.0,198.0
486593.01904602133,4419046.5141163785,928.0,198.0
486070.1033690064,4419223.658360438,920.0,190.0
486359.2716675212,4419228.314966414,928.0,198.0
486234.8903794654,4418913.784244754,928.0,198.0
486051.6320405067,4419113.432848578,928.0,198.0
486439.4183539579,4418947.592452557,928.0,198.0
486698.15011907154,4418798.895061044,929.0,199.0
486537.55557586346,4419109.3829532685,929.0,199.0
486204.69486808823,4418916.126972191,920.0,190.0
486711.8009149723,4418930.900852069,921.0,191.0
486330.57777563715,4419239.974830521,921.0,191.0
486266.102028033,4419387.164094321,921.0,191.0
486356.78946906637,4419371.849231386,930.0,200.0
486266.2353842715,4419387.337332562,930.0,200.0
486535.9818624129,4418900.245139333,930.0,200.0
486094.9459980699,4418553.779920646,930.0,200.0
486656.3137766379,4418896.443255615,930.0,200.0
486577.7264684429,4418974.850507172,930.0,200.0
486751.75301109627,4419191.350432158,931.0,201.0
486403.9103902965,4419359.83829834,931.0,201.0
486593.01904602133,4419046.5141163785,932.0,202.0
486051.1547371643,4418561.431616698,932.0,202.0
486376.19442755263,4419377.410524703,932.0,202.0
486439.4183539579,4418947.592452557,934.0,204.0
486375.54147990886,4419396.833838437,934.0,204.0
486340.2964602784,4419187.835855826,934.0,204.0
486238.427888388,4418864.4558297545,934.0,204.0
486359.3379849447,4419386.637129789,934.0,204.0
486268.96542735194,4419402.376524544,934.0,204.0
486340.2964602784,4419187.835855826,935.0,205.0
486070.23698196816,4419223.832509344,935.0,205.0
486072.8781038659,4419229.631276065,935.0,205.0
486216.7835382444,4419275.658635589,935.0,205.0
486364.2188162654,4418520.949199027,936.0,206.0
486076.61021686584,4419188.205186002,936.0,206.0
486094.9459980699,4418553.779920646,936.0,206.0
486439.0532458178,4418426.425776586,937.0,207.0
486439.0532458178,4418426.425776586,937.0,207.0
487063.56175644684,4419109.726811583,937.0,207.0
486062.675950921,4418559.443882227,938.0,208.0
486391.5334081958,4419374.785370767,938.0,208.0
486094.9459980699,4418553.779920646,941.0,211.0
486489.76094138203,4418741.4024676215,908.0,178.0
486562.08210427023,4418596.140254498,943.0,213.0
486578.7093911489,4418686.344128292,943.0,213.0
486440.9334714584,4419270.488825514,944.0,214.0
486503.3154114365,4418537.069795977,944.0,214.0
486571.36652523966,4419105.689273801,944.0,214.0
486361.7642742297,4419399.191705914,941.0,211.0
486324.9490119262,4419190.282807543,941.0,211.0
486228.1788000819,4418866.158585656,941.0,211.0
486391.5334081958,4419374.785370767,942.0,212.0
486177.44127248286,4419031.38719977,942.0,212.0
486310.40104168974,4419187.015347229,945.0,215.0
486340.2964602784,4419187.835855826,942.0,212.0
486604.99581263127,4419113.736351039,945.0,215.0
486238.427888388,4418864.4558297545,945.0,215.0
486497.1101038662,4418771.867528156,946.0,216.0
486497.1101038662,4418771.867528156,946.0,216.0
486376.19442755263,4419377.410524703,947.0,217.0
486340.2964602784,4419187.835855826,947.0,217.0
486372.3298232146,4419367.048685012,948.0,218.0
486094.9459980699,4418553.779920646,948.0,218.0
486063.9158509797,4419232.852756536,942.0,212.0
486421.6207121474,4418585.7013844615,942.0,212.0
486421.6207121474,4418585.7013844615,942.0,212.0
486442.1792940452,4419221.335609613,949.0,219.0
486625.87018368975,4418759.203852917,949.0,219.0
486593.01904602133,4419046.5141163785,949.0,219.0
486301.1741482258,4418433.250156783,949.0,219.0
486066.2192151862,4419188.284051354,949.0,219.0
486372.3298232146,4419367.048685012,950.0,220.0
486332.1021264845,4418808.322155426,909.0,179.0
486340.1637006453,4419187.662290451,909.0,179.0
486441.84224784025,4418651.857302998,909.0,179.0
486218.79505871685,4418746.789511697,909.0,179.0
486238.29545009055,4418864.281181715,909.0,179.0
486771.8710143266,4419309.098157141,910.0,180.0
486926.86016080895,4418565.240049759,951.0,221.0
486372.3298232146,4419367.048685012,951.0,221.0
486340.2964602784,4419187.835855826,951.0,221.0
486771.8710143266,4419309.098157141,910.0,180.0
486928.4423574137,4419382.985855688,951.0,221.0
486583.8825973545,4419001.788046674,910.0,180.0
486565.0432943432,4418902.078643527,910.0,180.0
486266.102028033,4419387.164094321,911.0,181.0
486333.5120936852,4418812.78963452,911.0,181.0
486656.3137766379,4418896.443255615,953.0,223.0
487001.3466247093,4418521.662553567,953.0,223.0
486074.89375826425,4418438.409214916,954.0,224.0
486909.1167784616,4419295.985708766,955.0,225.0
486497.8178156286,4418782.009107448,955.0,225.0
486427.8517525531,4418880.522489402,956.0,226.0
486882.89089695073,4419327.337405764,956.0,226.0
486781.1812168454,4419338.297659465,956.0,226.0
486076.61021686584,4419188.205186002,956.0,226.0
486917.46735175606,4418566.855326046,956.0,226.0
486076.61021686584,4419188.205186002,957.0,227.0
486076.61021686584,4419188.205186002,957.0,227.0
486804.46223696845,4419294.653304831,958.0,228.0
486707.7813106518,4418745.140195158,959.0,229.0
486356.78946906637,4419371.849231386,942.0,212.0
486439.0532458178,4418426.425776586,942.0,212.0
486096.55209782143,4418840.421483852,951.0,221.0
486457.4490975756,4419267.715327455,942.0,212.0
486340.2964602784,4419187.835855826,942.0,212.0
486266.2353842715,4419387.337332562,942.0,212.0
486377.240206397,4419406.728333846,942.0,212.0
486593.01904602133,4419046.5141163785,942.0,212.0
486340.2964602784,4419187.835855826,942.0,212.0
486340.2964602784,4419187.835855826,942.0,212.0
486340.2964602784,4419187.835855826,942.0,212.0
486166.30098605936,4419032.321783502,942.0,212.0
486435.041787157,4418650.5173153365,964.0,234.0
486941.38948962,4419042.921435675,964.0,234.0
486442.6800572609,4418885.312857217,965.0,235.0
486427.8517525531,4418880.522489402,965.0,235.0
486319.93497832195,4418544.620663799,966.0,236.0
486340.2964602784,4419187.835855826,967.0,237.0
486356.78946906637,4419371.849231386,968.0,238.0
486076.61021686584,4419188.205186002,968.0,238.0
486088.1120971272,4418774.422470104,969.0,239.0
486559.60609445866,4419194.766359826,952.0,222.0
486322.4917827844,4418672.492057217,952.0,222.0
486309.6956342645,4418674.648945689,952.0,222.0
486270.2408394874,4418819.2233797135,970.0,240.0
486726.8507096877,4419017.456171442,971.0,241.0
486427.8517525531,4418880.522489402,971.0,241.0
486726.8507096877,4419017.456171442,972.0,242.0
486593.01904602133,4419046.5141163785,972.0,242.0
486248.26026087,4418919.356924677,972.0,242.0
486439.0511021019,4418680.823822438,972.0,242.0
486489.47075472015,4419268.747884966,963.0,233.0
486656.3137766379,4418896.443255615,974.0,244.0
486387.8322403978,4418658.796745444,974.0,244.0
486593.01904602133,4419046.5141163785,975.0,245.0
486544.26490960596,4419387.609523994,975.0,245.0
486637.5833804838,4419012.885235601,976.0,246.0
486656.3137766379,4418896.443255615,977.0,247.0
486569.1754081952,4418926.180733481,977.0,247.0
486593.01904602133,4419046.5141163785,977.0,247.0
486578.7535034271,4419003.083042822,977.0,247.0
486058.41559969133,4419142.104233997,969.0,239.0
486095.7510844127,4418835.597874394,970.0,240.0
486376.19442755263,4419377.410524703,963.0,233.0
486356.78946906637,4419371.849231386,963.0,233.0
487161.6258806343,4418525.446304737,978.0,248.0
486473.06203737645,4419160.9288179185,983.0,253.0
486480.6231141142,4418480.392948236,964.0,234.0
486387.8322403978,4418658.796745444,987.0,257.0
486364.2188162654,4418520.949199027,987.0,257.0
486467.8572060604,4419302.411622056,984.0,254.0
486447.1364912335,4419305.9374002125,985.0,255.0
486544.26490960596,4419387.609523994,979.0,249.0
486360.2597136814,4418505.147238113,979.0,249.0
486574.74361162516,4418959.501660778,979.0,249.0
486472.9931625575,4418633.851035517,980.0,250.0
486544.26490960596,4419387.609523994,980.0,250.0
486051.1547371643,4418561.431616698,980.0,250.0
486375.54147990886,4419396.833838437,983.0,253.0
486451.1795293208,4419305.25107127,989.0,259.0
486344.7825829755,4418916.153654405,994.0,264.0
486387.8322403978,4418658.796745444,994.0,264.0
486387.8322403978,4418658.796745444,994.0,264.0
486335.22596487356,4418542.147819092,997.0,267.0
486593.01904602133,4419046.5141163785,998.0,268.0
486372.3298232146,4419367.048685012,998.0,268.0
486422.3414189952,4418589.935772027,987.0,257.0
486359.2716675212,4419228.314966414,999.0,269.0
486702.76628203376,4418891.242811163,1000.0,270.0
486841.27818068996,4418867.065655255,1000.0,270.0
486359.2716675212,4419228.314966414,1003.0,273.0
486550.0160274757,4419196.399507805,1004.0,274.0
486185.6145654859,4418550.474446008,1004.0,274.0
486058.8573883072,4418574.955606563,1004.0,274.0
486926.19967015646,4419394.900976182,1004.0,274.0
486204.8275037642,4418916.301569421,1004.0,274.0
486656.3137766379,4418896.443255615,998.0,268.0
486362.23972101946,4419366.871464302,1005.0,275.0
486076.61021686584,4419188.205186002,1011.0,281.0
486078.50089716277,4419199.880289282,1005.0,275.0
486063.8195103,4419164.940304494,1005.0,275.0
486078.50089716277,4419199.880289282,1005.0,275.0
486430.95899927843,4418640.907729427,1013.0,283.0
486361.6845079242,4419139.464831399,1018.0,288.0
486181.2601395961,4419119.307395524,1006.0,276.0
486142.79048649216,4419217.988551027,1007.0,277.0
486569.1754081952,4418926.180733481,991.0,261.0
486155.3413813338,4418838.897022782,991.0,261.0
486583.8825973545,4419001.788046674,992.0,262.0
486547.63716224895,4418890.32977691,992.0,262.0
486458.25100326235,4419306.093951889,992.0,262.0
486449.74478486844,4419307.5080640055,992.0,262.0
486449.74478486844,4419307.5080640055,992.0,262.0
486449.74478486844,4419307.5080640055,992.0,262.0
486449.74478486844,4419307.5080640055,992.0,262.0
486593.01904602133,4419046.5141163785,992.0,262.0
486233.304543761,4418542.901553665,993.0,263.0
486181.2601395961,4419119.307395524,1018.0,288.0
486569.14360167936,4419091.676480364,1023.0,293.0
486369.17304911144,4419397.966665169,1023.0,293.0
486241.4622841383,4419359.198029081,1026.0,296.0
486364.60600617883,4418532.4971930925,1018.0,288.0
486344.7825829755,4418916.153654405,1007.0,277.0
486364.60600617883,4418532.4971930925,1007.0,277.0
486481.9642803674,4418925.689223848,1019.0,289.0
486440.88554321585,4419128.074879496,1019.0,289.0
486442.9706517429,4418692.745772254,1007.0,277.0
486322.83772751474,4418544.308697084,1007.0,277.0
486427.0663034919,4418875.932963926,1020.0,290.0
486447.2057344493,4418696.578018914,1020.0,290.0
486169.96331990225,4418721.317370118,1021.0,291.0
486414.4100482894,4418645.690002371,1021.0,291.0
486265.56014187424,4419275.209426232,1028.0,298.0
486212.65848661336,4419342.672629341,1029.0,299.0
486372.3298232146,4419367.048685012,1030.0,300.0
486363.19896871067,4419360.514047263,1031.0,301.0
486145.87030415266,4418557.512348241,1032.0,302.0
486210.4719694018,4419402.932676453,1032.0,302.0
486176.7662352298,4419080.511845816,1032.0,302.0
486361.6845079242,4419139.464831399,1009.0,279.0
487152.0879129947,4418946.626350367,1040.0,310.0
486462.37300655065,4419270.483998748,1027.0,297.0
486573.04651615274,4419115.44123143,1027.0,297.0
486372.3298232146,4419367.048685012,1035.0,305.0
486511.5534784438,4419046.896692447,1036.0,306.0
486178.6017384868,4419090.58443527,1037.0,307.0
486156.3173031288,4419219.838493408,1038.0,308.0
486145.87030415266,4418557.512348241,1039.0,309.0
486364.2837662432,4419385.802065364,1048.0,318.0
486212.65848661336,4419342.672629341,1050.0,320.0
486372.3298232146,4419367.048685012,1050.0,320.0
486416.697360744,4419316.626502715,1050.0,320.0
486210.4083224177,4419275.784854851,1053.0,323.0
486510.6419857249,4418373.123255599,1054.0,324.0
486372.3298232146,4419367.048685012,1041.0,311.0
486530.0745657927,4418996.984750672,1041.0,311.0
486372.3298232146,4419367.048685012,1042.0,312.0
487019.0482075971,4418686.349131585,1042.0,312.0
486456.13431446935,4419000.32200814,1042.0,312.0
486617.4712617565,4419027.600691934,1063.0,333.0
486535.48040446057,4419097.337327871,1063.0,333.0
486473.06203737645,4419160.9288179185,1055.0,325.0
486435.041787157,4418650.5173153365,1055.0,325.0
486449.3847128712,4418958.440792304,1055.0,325.0
486251.9919131416,4418408.959494803,1065.0,335.0
486320.07457583124,4419188.570144088,1065.0,335.0
487135.6594545845,4419226.634589108,1065.0,335.0
486488.22126870556,4418479.0653000865,1066.0,336.0
486564.147518161,4419065.8628927935,1066.0,336.0
486614.6982793629,4419027.688392989,1067.0,337.0
486077.0933694307,4419192.532073331,1067.0,337.0
486075.35141202563,4419182.907206544,1067.0,337.0
486442.6815838745,4418889.889448865,1067.0,337.0
486592.2401925556,4419051.700809499,1060.0,330.0
486702.76628203376,4418891.242811163,1060.0,330.0
486828.3545797552,4418867.093142308,1067.0,337.0
486077.0933694307,4419192.532073331,1067.0,337.0
486438.4995929261,4418639.650401521,1069.0,339.0
487016.3406033395,4419023.995441877,1043.0,313.0
486511.3214561671,4419289.180851586,1043.0,313.0
486372.3298232146,4419367.048685012,1043.0,313.0
486372.3298232146,4419367.048685012,1046.0,316.0
486311.0863294175,4418682.08543425,1046.0,316.0
486384.4400293048,4419375.924178293,1070.0,340.0
486210.4083224177,4419275.784854851,1061.0,331.0
486466.99070089083,4419174.348335342,1061.0,331.0
486364.2837662432,4419385.802065364,1062.0,332.0
486247.41924629366,4419398.78655972,1062.0,332.0
486569.15861379844,4418978.798258683,1073.0,343.0
486372.3298232146,4419367.048685012,1076.0,346.0
486527.2967995437,4418877.677223316,1075.0,345.0
486922.56200177904,4419162.325379585,1085.0,355.0
486445.85008620686,4419229.444083936,1048.0,318.0
486569.15861379844,4418978.798258683,1088.0,358.0
486614.6982793629,4419027.688392989,1089.0,359.0
486075.35141202563,4419182.907206544,1078.0,348.0
486537.2530633706,4418909.445313425,1079.0,349.0
486410.4085029191,4418512.282296201,1080.0,350.0
486840.1201720949,4418563.580030038,1081.0,351.0
486157.7084359234,4418424.309950324,1081.0,351.0
486157.7084359234,4418424.309950324,1081.0,351.0
486075.35141202563,4419182.907206544,1091.0,361.0
486614.6982793629,4419027.688392989,1094.0,364.0
486214.9393983222,4419392.196013835,1098.0,3.0
486444.4506186297,4418412.327763431,1099.0,4.0
486569.15861379844,4418978.798258683,1101.0,6.0
486238.97273631376,4419390.190850091,1102.0,7.0
486449.0806298764,4418522.667792723,1103.0,8.0
486157.7084359234,4418424.309950324,1103.0,8.0
486215.50860486476,4419348.103654291,1095.0,0.0
486801.4331262276,4418517.595148831,1095.0,0.0
486718.68275914696,4419300.066756665,1106.0,11.0
486104.7499196361,4419228.391586818,1112.0,17.0
486474.0557453662,4419271.254416704,1113.0,18.0
486614.6982793629,4419027.688392989,1116.0,21.0
486623.8604027557,4418832.80462871,1116.0,21.0
486359.171471255,4419377.074891984,1119.0,24.0
486083.5396743433,4419336.45388316,1119.0,24.0
486282.07042808656,4419315.953020222,1121.0,26.0
486414.4100482894,4418645.690002371,1121.0,26.0
486110.5858314614,4418887.172666904,1118.0,23.0
486210.57808454096,4419348.944316277,1097.0,2.0
486504.45840195497,4419344.285678425,1130.0,35.0
486575.5313772262,4418645.203531412,1125.0,30.0
486104.7499196361,4419228.391586818,1097.0,2.0
486151.11387000873,4419394.851415925,1131.0,36.0
486282.07042808656,4419315.953020222,1125.0,30.0
486238.97273631376,4419390.190850091,1136.0,41.0
486320.07457583124,4419188.570144088,1137.0,42.0
487151.81617984315,4419176.706716708,1138.0,43.0
486335.56349426333,4419193.367766288,1132.0,37.0
486448.0613501973,4418658.329765357,1139.0,44.0
486494.6857787083,4419111.765533754,1132.0,37.0
486119.12665979506,4418876.711120314,1126.0,31.0
486142.50760383764,4419398.603453479,1133.0,38.0
486638.30262934894,4419104.524877326,1133.0,38.0
486374.37758204056,4418530.872263607,1134.0,39.0
486180.03611864144,4418845.653178897,1127.0,32.0
486142.50760383764,4419398.603453479,1140.0,45.0
486320.07457583124,4419188.570144088,1142.0,47.0
486623.8604027557,4418832.80462871,1128.0,33.0
486742.0297194767,4419062.944876062,1128.0,33.0
486614.6982793629,4419027.688392989,1128.0,33.0
486320.07457583124,4419188.570144088,1129.0,34.0
486614.6982793629,4419027.688392989,1143.0,48.0
486623.8604027557,4418832.80462871,1143.0,48.0
486052.2501549527,4419338.7365107285,1144.0,49.0
486159.2119554402,4418966.784763417,1144.0,49.0
486320.07457583124,4419188.570144088,1145.0,50.0
486374.37758204056,4418530.872263607,1145.0,50.0
486530.0745657927,4418996.984750672,1147.0,52.0
486429.8899821783,4418661.552004059,1158.0,63.0
486845.47492747376,4418812.261762016,1153.0,58.0
486562.7596966936,4419343.212903884,1158.0,63.0
486414.4100482894,4418645.690002371,1158.0,63.0
486372.3298232146,4419367.048685012,1158.0,63.0
486372.3298232146,4419367.048685012,1158.0,63.0
486358.9843675578,4418531.072469224,1153.0,58.0
486462.37300655065,4419270.483998748,1150.0,55.0
486492.73598227766,4418510.57701661,1151.0,56.0
486730.8615941777,4419313.620635174,1155.0,60.0
486320.07457583124,4419188.570144088,1156.0,61.0
486066.25711868005,4418722.629213927,1157.0,62.0
486364.2837662432,4419385.802065364,1157.0,62.0
486509.46824425773,4419160.145324729,1158.0,63.0
486359.171471255,4419377.074891984,1158.0,63.0
486976.4613636969,4418977.848253224,1163.0,68.0
486568.98951682396,4418913.496387448,1163.0,68.0
486399.68152524414,4419288.054555822,1165.0,70.0
486320.07457583124,4419188.570144088,1152.0,57.0
486320.07457583124,4419188.570144088,1165.0,70.0
486795.85995858046,4418589.95034525,1165.0,70.0
486320.07457583124,4419188.570144088,1162.0,67.0
486445.85008620686,4419229.444083936,1173.0,78.0
486372.3298232146,4419367.048685012,1166.0,71.0
486681.2288094793,4419016.451539742,1169.0,74.0
486244.01369832235,4419374.527669844,1167.0,72.0
486066.2192151862,4419188.284051354,1172.0,77.0
486980.0807620552,4418353.674765801,1172.0,77.0
486681.2288094793,4419016.451539742,1172.0,77.0
486858.6118306109,4418902.165635099,1172.0,77.0
486320.07457583124,4419188.570144088,1174.0,79.0
486372.3298232146,4419367.048685012,1180.0,85.0
486077.0933694307,4419192.532073331,1180.0,85.0
486453.76182842447,4419271.930487389,1183.0,88.0
486364.2837662432,4419385.802065364,1187.0,92.0
486320.07457583124,4419188.570144088,1187.0,92.0
486681.2288094793,4419016.451539742,1175.0,80.0
486681.2288094793,4419016.451539742,1176.0,81.0
486387.8322403978,4418658.796745444,1192.0,97.0
486410.4085029191,4418512.282296201,1192.0,97.0
486077.0933694307,4419192.532073331,1189.0,94.0
486681.2288094793,4419016.451539742,1179.0,84.0
486364.2837662432,4419385.802065364,1194.0,99.0
486623.8604027557,4418832.80462871,1194.0,99.0
486320.07457583124,4419188.570144088,1195.0,100.0
486359.171471255,4419377.074891984,1190.0,95.0
486320.07457583124,4419188.570144088,1205.0,110.0
486391.8233746998,4418638.2745215455,1197.0,102.0
486354.1137343002,4418413.703152868,1197.0,102.0
486372.3298232146,4419367.048685012,1197.0,102.0
486533.89292474854,4419105.194259671,1197.0,102.0
486481.4616018623,4419211.120123855,1198.0,103.0
486320.07457583124,4419188.570144088,1198.0,103.0
486640.9064719071,4419096.511060685,1200.0,105.0
486623.8604027557,4418832.80462871,1200.0,105.0
486060.1144368736,4419097.664807234,1208.0,113.0
486359.171471255,4419377.074891984,1208.0,113.0
486840.31472768524,4418779.625342844,1208.0,113.0
486623.8604027557,4418832.80462871,1209.0,114.0
486178.7381164579,4418703.500757376,1211.0,116.0
486181.36619441735,4418733.008857339,1211.0,116.0
487053.91020112095,4418884.873101272,1204.0,109.0
486214.9393983222,4419392.196013835,1215.0,120.0
486836.02281644876,4418913.155746536,1215.0,120.0
486858.6118306109,4418902.165635099,1215.0,120.0
486863.04629948613,4418766.195498243,1204.0,109.0
486104.53742955596,4418903.825902353,1219.0,124.0
486614.6982793629,4419027.688392989,1219.0,124.0
486384.4400293048,4419375.924178293,1220.0,125.0
486623.3238843586,4418945.976182141,1221.0,126.0
486214.9393983222,4419392.196013835,1211.0,116.0
486364.2837854129,4419385.802062153,1212.0,117.0
486466.99070089083,4419174.348335342,1221.0,126.0
486364.2837662432,4419385.802065364,1213.0,118.0
486214.9393983222,4419392.196013835,1214.0,119.0
486231.9465479398,4419399.325471772,1222.0,127.0
486623.8604027557,4418832.80462871,1222.0,127.0
486614.6982793629,4419027.688392989,1222.0,127.0
486066.69755233673,4419131.577569261,1222.0,127.0
486454.2503386099,4418501.6500726985,1215.0,120.0
486367.4365898511,4418490.973391501,1224.0,129.0
486252.8793942536,4418907.83357238,1224.0,129.0
486372.3298232146,4419367.048685012,1223.0,128.0
486073.50395833934,4418987.942070767,1225.0,130.0
486444.4506186297,4418412.327763431,1218.0,123.0
486214.9393983222,4419392.196013835,1218.0,123.0
486367.4365898511,4418490.973391501,1235.0,140.0
486226.5874925721,4418755.586274046,1235.0,140.0
486152.4733454076,4418568.41404727,1236.0,141.0
486470.85920060985,4419156.234347928,1228.0,133.0
486370.1237564508,4419362.355820733,1228.0,133.0
486243.07034788205,4418370.22277461,1237.0,142.0
486919.68841118936,4419395.560116964,1231.0,136.0
486152.4733454076,4418568.41404727,1231.0,136.0
486118.79877052153,4418899.026426548,1231.0,136.0
486617.4712617576,4419027.600691934,1232.0,137.0
486320.07457583124,4419188.570144088,1235.0,140.0
486364.2837662432,4419385.802065364,1235.0,140.0
486643.8872191185,4419311.692154734,1235.0,140.0
486466.99070089083,4419174.348335342,1235.0,140.0
486472.50728608423,4419169.134215694,1239.0,144.0
486569.15861379844,4418978.798258683,1241.0,146.0
486908.27257203625,4419330.12912032,1241.0,146.0
486419.7453807757,4418890.225684501,1238.0,143.0
486696.9282937386,4419094.671394419,1238.0,143.0
486152.4733454076,4418568.41404727,1244.0,149.0
486509.46824425773,4419160.145324729,1245.0,150.0
486087.8983886686,4419180.717840964,1239.0,144.0
486364.2837662432,4419385.802065364,1228.0,133.0
486101.6094285614,4419408.518984585,1252.0,157.0
486095.56618073635,4419406.526694748,1252.0,157.0
486795.8529514799,4419392.586099298,1252.0,157.0
486108.3731042041,4419278.115825463,1252.0,157.0
486391.8233746998,4418638.2745215455,1252.0,157.0
486237.1873801249,4419164.882080449,1253.0,158.0
486152.4733454076,4418568.41404727,1246.0,151.0
486370.1237564508,4419362.355820733,1253.0,158.0
486108.3731042041,4419278.115825463,1253.0,158.0
486293.59498083557,4419372.19230243,1254.0,159.0
486623.8604027557,4418832.80462871,1254.0,159.0
486614.6982793629,4419027.688392989,1254.0,159.0
486414.4100482894,4418645.690002371,1254.0,159.0
486472.50728608423,4419169.134215694,1254.0,159.0
486079.1232215911,4419273.459695094,1246.0,151.0
486623.8604027557,4418832.80462871,1246.0,151.0
486470.85920060985,4419156.234347928,1256.0,161.0
486759.0039888263,4418872.592084941,1257.0,162.0
486759.0039888263,4418872.592084941,1257.0,162.0
486138.7261503552,4419222.530226774,1258.0,163.0
486293.59498083557,4419372.19230243,1258.0,163.0
486095.56618073635,4419406.526694748,1258.0,163.0
486320.07457583124,4419188.570144088,1248.0,153.0
486463.0029057437,4419150.9537533205,1258.0,163.0
486623.8604027557,4418832.80462871,1228.0,133.0
486491.82172197354,4419320.917803235,1249.0,154.0
486101.6094285614,4419408.518984585,1249.0,154.0
486363.19896871067,4419360.514047263,1249.0,154.0
486364.2837662432,4419385.802065364,1249.0,154.0
486470.85920060985,4419156.234347928,1249.0,154.0
486126.1563491112,4419268.45755198,1249.0,154.0
486226.5874925721,4418755.586274046,1249.0,154.0
486759.0039888263,4418872.592084941,1250.0,155.0
486365.24422314,4418665.244910357,1250.0,155.0
486166.63044525776,4419028.700212288,1250.0,155.0
486261.5830409789,4419160.492680914,1251.0,156.0
486095.56618073635,4419406.526694748,1251.0,156.0
486482.36038170004,4419322.583266949,1261.0,166.0
486320.07457583124,4419188.570144088,1262.0,167.0
486566.7587946865,4418908.815428791,1262.0,167.0
486433.19869041926,4418931.264263985,1262.0,167.0
486623.8604027557,4418832.80462871,1262.0,167.0
486617.4712617576,4419027.600691934,1262.0,167.0
486391.8233746998,4418638.2745215455,1263.0,168.0
486575.5313772262,4418645.203531412,1263.0,168.0
486935.4053620765,4418906.337726673,1263.0,168.0
486108.3731042041,4419278.115825463,1263.0,168.0
486492.73598227766,4418510.57701661,1264.0,169.0
486384.4400293048,4419375.924178293,1264.0,169.0
486261.5830409789,4419160.492680914,1264.0,169.0
486434.86743943335,4418645.581908928,1259.0,164.0
486490.84344248567,4419314.836856275,1259.0,164.0
486490.84344248567,4419314.836856275,1259.0,164.0
486491.82172197354,4419320.917803235,1259.0,164.0
486623.8604027557,4418832.80462871,1265.0,170.0
486384.4400293048,4419375.924178293,1265.0,170.0
486425.9835420246,4418662.20016461,1265.0,170.0
486491.82172197354,4419320.917803235,1259.0,164.0
486266.45969483047,4419244.424584893,1259.0,164.0
486488.22126870556,4418479.0653000865,1259.0,164.0
486364.2837662432,4419385.802065364,1265.0,170.0
486414.4100482894,4418645.690002371,1265.0,170.0
486490.0465985646,4418489.951461641,1266.0,171.0
486095.56618073635,4419406.526694748,1260.0,165.0
486414.4100482894,4418645.690002371,1260.0,165.0
486369.0192207587,4418499.8557464825,1267.0,172.0
486257.54320507264,4419161.157495996,1267.0,172.0
486623.8604027557,4418832.80462871,1269.0,174.0
486491.82172197354,4419320.917803235,1270.0,175.0
486686.4462661672,4419130.306951353,1270.0,175.0
486472.50728608423,4419169.134215694,1270.0,175.0
486369.84939354955,4418504.510681768,1271.0,176.0
486139.69857416913,4419257.196715143,1271.0,176.0
486759.0039888263,4418872.592084941,1271.0,176.0
486261.5830409789,4419160.492680914,1271.0,176.0
486261.5830409789,4419160.492680914,1272.0,177.0
486320.07457583124,4419188.570144088,1272.0,177.0
486487.9171822038,4419256.314594737,1272.0,177.0
486491.82172197354,4419320.917803235,1272.0,177.0
486183.34116663213,4418545.815000741,1272.0,177.0
486359.171471255,4419377.074891984,1272.0,177.0
486623.8604027557,4418832.80462871,1273.0,178.0
486265.8409181036,4418326.7309058625,1229.0,134.0
486359.171471255,4419377.074891984,1229.0,134.0
486152.4733454076,4418568.41404727,1229.0,134.0
486312.1716125734,4418702.545019267,1229.0,134.0
486594.16877690156,4419107.758353994,1229.0,134.0
486152.4733454076,4418568.41404727,1229.0,134.0
486579.353312466,4418999.236899256,1274.0,179.0
486889.0134805335,4418617.297910325,1277.0,182.0
486507.8168098086,4419318.873899805,1278.0,183.0
486491.82172197354,4419320.917803235,1278.0,183.0
486419.06767490844,4418886.436671478,1278.0,183.0
486623.8604027557,4418832.80462871,1289.0,194.0
486614.6982793629,4419027.688392989,1289.0,194.0
486320.07457583124,4419188.570144088,1290.0,195.0
486910.63478411245,4419403.04848323,1279.0,184.0
486714.3446123476,4418632.559095536,1292.0,197.0
486130.0059197003,4419258.833181872,1292.0,197.0
486336.28238807427,4418897.932627126,1281.0,186.0
486464.1302464005,4418754.745602524,1287.0,192.0
486359.171471255,4419377.074891984,1282.0,187.0
486617.4712617576,4419027.600691934,1282.0,187.0
486380.7886115578,4419310.966387564,1284.0,189.0
486429.6508992188,4418851.410948395,1284.0,189.0
486714.3446123476,4418632.559095536,1301.0,206.0
486185.11117092374,4418581.703126783,1302.0,207.0
486472.50728608423,4419169.134215694,1304.0,209.0
486543.94196926174,4419120.630295935,1304.0,209.0
486445.85008620686,4419229.444083936,1306.0,211.0
486185.11117092374,4418581.703126783,1306.0,211.0
486168.9015127032,4419217.35454274,1308.0,213.0
486538.64028082177,4419114.512237485,1297.0,202.0
486543.94196926174,4419120.630295935,1297.0,202.0
486696.2167104137,4419087.260059702,1299.0,204.0
486332.8643555216,4419139.590338348,1313.0,218.0
486441.875884992,4419132.463724715,1313.0,218.0
487065.5752189337,4418418.11226273,1313.0,218.0
486370.1237564508,4419362.355820733,1313.0,218.0
487042.58982883574,4418431.063504036,1316.0,221.0
486362.05830888153,4419372.888617294,1317.0,222.0
486370.1237564508,4419362.355820733,1317.0,222.0
486370.1237564508,4419362.355820733,1317.0,222.0
486364.2837662432,4419385.802065364,1317.0,222.0
486617.4712617576,4419027.600691934,1318.0,223.0
487056.94779400126,4418415.178504795,1319.0,224.0
486320.07457583124,4419188.570144088,1326.0,231.0
486152.4733454076,4418568.41404727,1326.0,231.0
486168.9015127032,4419217.35454274,1307.0,212.0
486472.50728608423,4419169.134215694,1307.0,212.0
486320.07457583124,4419188.570144088,1320.0,225.0
486470.85920060985,4419156.234347928,1320.0,225.0
486701.16275203926,4419093.955735184,1320.0,225.0
486444.4506186297,4418412.327763431,1321.0,226.0
486432.4184470319,4419348.977967784,1321.0,226.0
486415.16081237356,4419397.728229173,1326.0,231.0
486614.6982793629,4419027.688392989,1327.0,232.0
486327.5994155327,4418847.210175829,1327.0,232.0
486324.9490119262,4419190.282807543,1328.0,233.0
486574.4323616948,4419043.0842527235,1328.0,233.0
486472.50728608423,4419169.134215694,1329.0,234.0
486590.8572646594,4418993.494073778,1307.0,212.0
486436.66435334535,4418690.014337865,1330.0,235.0
486370.1237564508,4419362.355820733,1307.0,212.0
486320.07457583124,4419188.570144088,1308.0,213.0
486066.69755233673,4419131.577569261,1308.0,213.0
486372.3298232147,4419367.048685034,1308.0,213.0
486616.79244237574,4419149.47419183,1308.0,213.0
486626.88854278123,4419364.028585337,1330.0,235.0
486337.08476112573,4419202.755681922,1335.0,240.0
486482.7356535825,4419172.769859136,1322.0,227.0
486386.0717289936,4418941.882869313,1331.0,236.0
486364.2837662432,4419385.802065364,1333.0,238.0
486369.93089283473,4419402.720365953,1344.0,249.0
486566.7587946865,4418908.815428791,1333.0,238.0
486083.5396743433,4419336.45388316,1344.0,249.0
486186.5381865735,4419130.652671307,1344.0,249.0
486077.0933694307,4419192.532073331,1334.0,239.0
486055.3600436068,4419167.396754975,1335.0,240.0
486623.8604027557,4418832.80462871,1335.0,240.0
486614.6982793629,4419027.688392989,1335.0,240.0
486320.07457583124,4419188.570144088,1348.0,253.0
486312.6369669195,4418706.1948307585,1348.0,253.0
486434.86743943335,4418645.581908928,1348.0,253.0
486060.2749180808,4419337.94633565,1348.0,253.0
486579.353312466,4418999.236899256,1349.0,254.0
486491.82172197354,4419320.917803235,1349.0,254.0
487055.81064362096,4418819.541515066,1345.0,250.0
486320.07457583124,4419188.570144088,1345.0,250.0
486052.2501549527,4419338.7365107285,1346.0,251.0
486696.2167104137,4419087.260059702,1347.0,252.0
486369.21601117554,4419134.435407761,1347.0,252.0
486083.5396743433,4419336.45388316,1347.0,252.0
486368.5122339576,4418959.055117549,1349.0,254.0
486234.1586713493,4418905.138525992,1350.0,255.0
487190.99114367994,4418365.823521492,1348.0,253.0
486207.50883735163,4418437.014217197,1354.0,259.0
486077.0933694307,4419192.532073331,1351.0,256.0
486700.5815840414,4418886.539259012,1352.0,257.0
486713.4375720499,4419074.467113894,1352.0,257.0
486731.5342041303,4419105.792121376,1352.0,257.0
486617.4712617576,4419027.600691934,1353.0,258.0
486491.82172197354,4419320.917803235,1356.0,261.0
486368.5122339576,4418959.055117549,1356.0,261.0
486614.6982793629,4419027.688392989,1357.0,262.0
486623.8604027557,4418832.80462871,1357.0,262.0
486574.4323616948,4419043.0842527235,1365.0,270.0
486232.6725238286,4419345.612307485,1365.0,270.0
486438.4995929261,4418639.650401521,1365.0,270.0
486095.56618073635,4419406.526694748,1368.0,273.0
486095.56618073635,4419406.526694748,1369.0,274.0
486359.171471255,4419377.074891984,1370.0,275.0
486434.86743943335,4418645.581908928,1359.0,264.0
486320.07457583124,4419188.570144088,1360.0,265.0
486614.6982793629,4419027.688392989,1360.0,265.0
486614.6982793629,4419027.688392989,1360.0,265.0
486590.01410228986,4419047.017283577,1370.0,275.0
486077.0933694307,4419192.532073331,1371.0,276.0
486300.83639455284,4418953.687967777,1361.0,266.0
486507.8168098086,4419318.873899805,1362.0,267.0
486445.85008620686,4419229.444083936,1362.0,267.0
486617.4712617576,4419027.600691934,1362.0,267.0
486566.7587946865,4418908.815428791,1362.0,267.0
486095.56618073635,4419406.526694748,1363.0,268.0
486187.10959474125,4419407.004386241,1363.0,268.0
486077.0933694307,4419192.532073331,1372.0,277.0
486162.34941246395,4418996.11730341,1337.0,242.0
486214.9393983233,4419392.196013835,1363.0,268.0
487050.9779062535,4419035.4161421545,1372.0,277.0
487070.6079734473,4418342.416373551,1373.0,278.0
486359.171471255,4419377.074891984,1338.0,243.0
486434.86743943335,4418645.581908928,1339.0,244.0
486614.6982793629,4419027.688392989,1375.0,280.0
486320.07457583124,4419188.570144088,1375.0,280.0
487122.8190283928,4419066.658730506,1377.0,282.0
486472.50728608423,4419169.134215694,1375.0,280.0
487122.8190283928,4419066.658730506,1375.0,280.0
487121.31064084405,4419062.593156126,1375.0,280.0
487123.80908524577,4419070.554427302,1377.0,282.0
486370.1237564508,4419362.355820733,1376.0,281.0
486370.8338531187,4419407.695867557,1377.0,282.0
487152.0879129947,4418946.626350367,1377.0,282.0
486623.8604027557,4418832.80462871,1377.0,282.0
486617.4712617576,4419027.600691934,1377.0,282.0
486210.4083224177,4419275.784854851,1377.0,282.0
486434.86743943335,4418645.581908928,1341.0,246.0
486448.0613501973,4418658.329765357,1341.0,246.0
486610.42742197175,4418998.831682641,1378.0,283.0
486320.07457583124,4419188.570144088,1341.0,246.0
486707.66277337435,4419021.809872755,1378.0,283.0
486445.85008620686,4419229.444083936,1341.0,246.0
486061.5726310384,4418845.755120643,1382.0,287.0
486472.50728608423,4419169.134215694,1382.0,287.0
486434.86743943335,4418645.581908928,1383.0,288.0
486151.25426954805,4419255.2932298845,1383.0,288.0
486713.4375720499,4419074.467113894,1393.0,298.0
486278.99539458257,4419352.118632457,1394.0,299.0
486434.86743943335,4418645.581908928,1394.0,299.0
486320.07457583124,4419188.570144088,1395.0,300.0
486370.1237564508,4419362.355820733,1395.0,300.0
486370.1237564508,4419362.355820733,1395.0,300.0
486696.2167104137,4419087.260059702,1396.0,301.0
486623.8604027557,4418832.80462871,1396.0,301.0
486614.6982793629,4419027.688392989,1396.0,301.0
487100.7607645001,4418516.906097242,1386.0,291.0
486623.8604027557,4418832.80462871,1386.0,291.0
486077.0933694307,4419192.532073331,1396.0,301.0
486320.07457583124,4419188.570144088,1388.0,293.0
486435.04178715707,4418650.517315356,1388.0,293.0
486617.4712617576,4419027.600691934,1390.0,295.0
486370.1237564508,4419362.355820733,1390.0,295.0
486472.50728608423,4419169.134215694,1390.0,295.0
486124.6294662384,4418998.598522138,1390.0,295.0
487157.3576316288,4419077.098052473,1398.0,303.0
486617.4712617576,4419027.600691934,1399.0,304.0
486335.56349426333,4419193.367766288,1397.0,302.0
486372.3298232147,4419367.048685034,1397.0,302.0
486320.07457583124,4419188.570144088,1397.0,302.0
486623.6823815619,4419284.584013023,1390.0,295.0
486337.08476112573,4419202.755681922,1390.0,295.0
486385.12828862,4419380.116398704,1390.0,295.0
486190.47753497795,4419154.646915039,1399.0,304.0
486335.56349426333,4419193.367766288,1391.0,296.0
486347.0417913795,4419227.977908264,1391.0,296.0
486232.93653134006,4418371.912573831,1391.0,296.0
486583.48251784215,4419322.959720781,1400.0,305.0
486589.2396627911,4419338.657490851,1400.0,305.0
487121.31064084405,4419062.593156126,1400.0,305.0
486529.44035053,4418437.2225503195,1400.0,305.0
486320.07457583124,4419188.570144088,1400.0,305.0
487121.31064084405,4419062.593156126,1391.0,296.0
486696.2167104137,4419087.260059702,1400.0,305.0
486370.1237564508,4419362.355820733,1401.0,306.0
486574.4323616948,4419043.0842527235,1401.0,306.0
486623.8604027557,4418832.80462871,1402.0,307.0
486311.16613218834,4419057.205761906,1405.0,310.0
486320.07457583124,4419188.570144088,1405.0,310.0
486370.1237564508,4419362.355820733,1405.0,310.0
486623.8604027557,4418832.80462871,1407.0,312.0
486345.5170542358,4418762.293256522,1407.0,312.0
486320.07457583124,4419188.570144088,1410.0,315.0
486342.6239460625,4419007.424789999,1411.0,316.0
486370.1237564508,4419362.355820733,1411.0,316.0
486579.353312466,4418999.236899256,1411.0,316.0
486197.53416766785,4418658.309251288,1412.0,317.0
487001.5456195027,4418491.145767684,1413.0,318.0
486434.86743943335,4418645.581908928,1413.0,318.0
486577.259420995,4419296.471267489,1413.0,318.0
486483.283042131,4419270.234039796,1423.0,328.0
486434.86743943335,4418645.581908928,1424.0,329.0
486499.76379208156,4419358.461058572,1393.0,298.0
486623.8604027557,4418832.80462871,1393.0,298.0
486617.4712617576,4419027.600691934,1393.0,298.0
486053.81957595824,4419157.983033435,1425.0,330.0
487146.3416361493,4418896.591959359,1415.0,320.0
486320.07457583124,4419188.570144088,1417.0,322.0
486077.0933694307,4419192.532073331,1431.0,336.0
486095.56618073635,4419406.526694748,1431.0,336.0
486434.86743943335,4418645.581908928,1431.0,336.0
486151.8363590318,4419374.651368247,1425.0,330.0
486212.14648564917,4419286.389620831,1417.0,322.0
486326.9736918514,4418538.599669987,1432.0,337.0
486492.73598227766,4418510.57701661,1432.0,337.0
486298.03941776766,4418540.9469801225,1432.0,337.0
486194.54890330444,4418560.580411875,1432.0,337.0
486554.1616388515,4418500.133179916,1432.0,337.0
487124.62961963384,4418377.07352962,1432.0,337.0
486429.8899821783,4418661.552004059,1433.0,338.0
486590.7407819568,4419148.776237226,1417.0,322.0
486569.15861379844,4418978.798258683,1426.0,331.0
486881.9427790221,4419044.449454066,1426.0,331.0
486948.3511179258,4418555.3626589505,1418.0,323.0
486814.5867731876,4418784.978208384,1418.0,323.0
486472.50728608423,4419169.134215694,1433.0,338.0
486474.1530783604,4419297.09527271,1428.0,333.0
486483.283042131,4419270.234039796,1428.0,333.0
487157.3576316288,4419077.098052473,1418.0,323.0
486858.51205613004,4418622.487262336,1433.0,338.0
486731.7767706537,4419016.616462765,1419.0,324.0
486388.1864807961,4419273.67921529,1420.0,325.0
486445.85008620686,4419229.444083936,1420.0,325.0
486421.61295899044,4419090.739387231,1420.0,325.0
486210.4083224177,4419275.784854851,1436.0,341.0
486809.3996139363,4419347.043728118,1436.0,341.0
486210.4083224177,4419275.784854851,1443.0,348.0
486196.69585985737,4418700.438787538,1445.0,350.0
486364.2837662432,4419385.802065364,1445.0,350.0
486364.2837854118,4419385.802062153,1445.0,350.0
486320.07457583124,4419188.570144088,1436.0,341.0
486414.3526446948,4418617.369293052,1435.0,340.0
486623.8604027557,4418832.80462871,1437.0,342.0
486614.6982793629,4419027.688392989,1451.0,356.0
486320.07457583124,4419188.570144088,1452.0,357.0
486060.2749180808,4419337.94633565,1446.0,351.0
486229.7096839315,4419349.7080902895,1447.0,352.0
486617.4712617576,4419027.600691934,1439.0,344.0
486159.9018519075,4418687.492216917,1440.0,345.0
486210.4083224177,4419275.784854851,1441.0,346.0
486301.716606051,4419191.574877914,1441.0,346.0
486083.5396743433,4419336.45388316,1442.0,347.0
486993.6380572691,4418829.855050711,1442.0,347.0
486283.9838799517,4418523.30449024,1456.0,361.0
486623.8604027557,4418832.80462871,1457.0,362.0
486569.5727731614,4418960.504767676,1457.0,362.0
486614.6982793629,4419027.688392989,1457.0,362.0
486334.50545204943,4418819.088090232,1448.0,353.0
486657.6289298401,4418452.653937388,1448.0,353.0
487019.0482075971,4418686.349131585,1449.0,354.0
486320.07457583124,4419188.570144088,1460.0,0.0
486793.17554438836,4418724.22080455,1774.0,314.0
486334.50545204943,4418819.088090232,1462.0,2.0
486569.71032391797,4418476.15700004,1463.0,3.0
486210.4083224177,4419275.784854851,1463.0,3.0
486297.2908559429,4418672.948467492,1463.0,3.0
486623.8604027557,4418832.80462871,1464.0,4.0
486840.1201720949,4418563.580030038,1464.0,4.0
486959.71284705587,4419310.789736879,1470.0,10.0
486614.6982793629,4419027.688392989,1470.0,10.0
486210.4083224177,4419275.784854851,1470.0,10.0
486623.8604027557,4418832.80462871,1472.0,12.0
486320.07457583124,4419188.570144088,1473.0,13.0
486374.4331997447,4419143.570146731,1475.0,15.0
486210.4083224177,4419275.784854851,1475.0,15.0
486337.9460262666,4419207.998102261,1481.0,21.0
486582.00054442696,4419037.377983815,1487.0,27.0
486210.4083224177,4419275.784854851,1488.0,28.0
486690.26818263263,4419118.639915185,1488.0,28.0
486320.07457583124,4419188.570144088,1489.0,29.0
486320.07457583124,4419188.570144088,1489.0,29.0
486905.18727690674,4419270.1944221435,1489.0,29.0
486130.419329165,4418692.512407997,1490.0,30.0
486211.2943014614,4419281.458142415,1495.0,35.0
486529.83985007147,4419156.407340455,1497.0,37.0
486623.8604027557,4418832.80462871,1497.0,37.0
486614.6982793629,4419027.688392989,1497.0,37.0
486360.25328273274,4418750.373044025,1497.0,37.0
486159.63195595186,4419080.80815845,1499.0,39.0
486210.4083224177,4419275.784854851,1504.0,44.0
486623.8604027557,4418832.80462871,1505.0,45.0
486385.58780378825,4418654.123611053,1506.0,46.0
486472.50728608423,4419169.134215694,1510.0,50.0
486614.6982793629,4419027.688392989,1510.0,50.0
486623.8604027557,4418832.80462871,1510.0,50.0
486210.4083224177,4419275.784854851,1512.0,52.0
486434.86743943335,4418645.581908928,1513.0,53.0
486614.6982793629,4419027.688392989,1514.0,54.0
486623.8604027557,4418832.80462871,1514.0,54.0
486581.20209532353,4419032.415433081,1515.0,55.0
486754.85953553766,4419396.81201055,1515.0,55.0
486320.07457583124,4419188.570144088,1516.0,56.0
486130.419329165,4418692.512407997,1518.0,58.0
486335.56349426333,4419193.367766288,1520.0,60.0
486614.6982793629,4419027.688392989,1486.0,26.0
486617.4712617576,4419027.600691934,1527.0,67.0
486623.8604027557,4418832.80462871,1528.0,68.0
486320.07457583124,4419188.570144088,1528.0,68.0
486449.3329357048,4419178.456365803,1529.0,69.0
487185.60105802555,4419374.195747365,1524.0,64.0
486594.16877690156,4419107.758353994,1530.0,70.0
486079.08951768785,4418949.48943569,1531.0,71.0
486434.86743943335,4418645.581908928,1532.0,72.0
486227.1417398184,4418461.111011054,1537.0,77.0
486445.85008620686,4419229.444083936,1538.0,78.0
486751.724635928,4419224.059186184,1540.0,80.0
486594.03171285073,4418471.920626659,1545.0,85.0
486362.05830888153,4419372.888617294,1550.0,90.0
486491.82172197354,4419320.917803235,1540.0,80.0
486491.82172197354,4419320.917803235,1541.0,81.0
486364.2837662432,4419385.802065364,1542.0,82.0
486614.6982793629,4419027.688392989,1542.0,82.0
486370.1237564508,4419362.355820733,1544.0,84.0
486364.2837662432,4419385.802065364,1545.0,85.0
486472.50728608423,4419169.134215694,1552.0,92.0
486614.6982793629,4419027.688392989,1552.0,92.0
486358.9843675578,4418531.072469224,1554.0,94.0
486969.6889091367,4418572.4830852505,1551.0,91.0
486659.71370664623,4418967.115078029,1551.0,91.0
486659.71370664623,4418967.115078029,1551.0,91.0
486614.6982793629,4419027.688392989,1552.0,92.0
486648.23511278874,4418910.720699447,1555.0,95.0
486623.860413996,4418832.804645042,1555.0,95.0
486623.8604027557,4418832.80462871,1555.0,95.0
486320.7035054413,4418821.676556461,1556.0,96.0
486320.07457583124,4419188.570144088,1557.0,97.0
486794.8484043136,4418584.84759839,1558.0,98.0
486727.92400415987,4419083.524183672,1562.0,102.0
486320.07457583124,4419188.570144088,1564.0,104.0
486614.6982793629,4419027.688392989,1564.0,104.0
487055.81064362096,4418819.541515066,1564.0,104.0
486614.6982793629,4419027.688392989,1564.0,104.0
486623.8604027557,4418832.80462871,1564.0,104.0
486917.9281486165,4419385.713905298,1565.0,105.0
486623.8604027557,4418832.80462871,1559.0,99.0
486614.6982793629,4419027.688392989,1559.0,99.0
486053.3475234696,4419154.82156775,1570.0,110.0
486104.34940379555,4419287.111801565,1571.0,111.0
486544.8496784463,4419392.681433283,1571.0,111.0
486472.50728608423,4419169.134215694,1566.0,106.0
486605.75943838654,4418997.633401103,1566.0,106.0
486252.8793942536,4418907.83357238,1571.0,111.0
486617.4712617576,4419027.600691934,1572.0,112.0
486318.10790820763,4418357.768267421,1567.0,107.0
486933.7692124401,4419372.330353401,1568.0,108.0
486332.75437902124,4419365.625418327,1568.0,108.0
486332.75437902124,4419365.625418327,1575.0,115.0
486727.92400415987,4419083.524183672,1575.0,115.0
486727.92400415987,4419083.524183672,1575.0,115.0
486332.75437902124,4419365.625418327,1575.0,115.0
486717.8501283952,4419086.273373118,1575.0,115.0
486332.75437902124,4419365.625418327,1576.0,116.0
486315.94022339425,4418822.415597794,1576.0,116.0
486717.8501283952,4419086.273373118,1572.0,112.0
486334.50545204943,4418819.088090232,1579.0,119.0
486332.75437902124,4419365.625418327,1572.0,112.0
486472.50728608423,4419169.134215694,1580.0,120.0
486320.98841851315,4418811.29957569,1581.0,121.0
487055.81064362096,4418819.541515066,1573.0,113.0
486469.2645754143,4418654.696710686,1582.0,122.0
486924.9844704066,4418312.533027103,1582.0,122.0
486104.349403764,4419287.111801544,1583.0,123.0
486320.074575804,4419188.5701440675,1583.0,123.0
486311.16613215895,4419057.205761883,1583.0,123.0
486465.1787051966,4418655.34115681,1583.0,123.0
486320.074575804,4419188.5701440675,1584.0,124.0
486334.50545202004,4418819.088090212,1585.0,125.0
486320.074575804,4419188.5701440675,1585.0,125.0
486527.2968180769,4418877.677256038,1586.0,126.0
486320.074575804,4419188.5701440675,1586.0,126.0
486472.50728605816,4419169.134215703,1586.0,126.0
486834.6687021292,4419342.672217057,1589.0,129.0
486359.17147122126,4419377.074891966,1590.0,130.0
486320.074575804,4419188.5701440675,1590.0,130.0
487019.04820756876,4418686.349131561,1593.0,133.0
486320.074575804,4419188.5701440675,1593.0,133.0
486246.29803757765,4418914.635480272,1593.0,133.0
486743.854470715,4419182.186051138,1593.0,133.0
486320.074575804,4419188.5701440675,1595.0,135.0
486469.2645754143,4418654.696710686,1587.0,127.0
486320.074575804,4419188.5701440675,1598.0,138.0
486192.9609073692,4418384.924906033,1599.0,139.0
486219.0592031363,4418414.827055368,1599.0,139.0
486251.9919131144,4418408.959494784,1599.0,139.0
486556.35818283045,4418587.983741188,1599.0,139.0
486320.7035054152,4418821.676556441,1600.0,140.0
487131.48652538884,4418684.177835805,1600.0,140.0
486320.074575804,4419188.5701440675,1600.0,140.0
486598.38539865735,4419094.747146288,1587.0,127.0
486320.074575804,4419188.5701440675,1587.0,127.0
486472.50728605816,4419169.134215703,1601.0,141.0
486320.074575804,4419188.5701440675,1607.0,147.0
487153.83845987625,4419142.554563904,1607.0,147.0
487100.76076447184,4418516.906097221,1607.0,147.0
486536.18674279144,4419321.337831993,1607.0,147.0
486472.50728605816,4419169.134215703,1608.0,148.0
486806.0195408413,4418971.374629706,1610.0,150.0
486320.074575804,4419188.5701440675,1611.0,151.0
486640.1895469868,4419006.268081393,1612.0,152.0
486251.9919131144,4418408.959494784,1609.0,149.0
486472.50728605816,4419169.134215703,1609.0,149.0
486797.65431889903,4418972.7578585325,1610.0,150.0
486335.56349423615,4419193.367766265,1615.0,155.0
486527.2968180769,4418877.677256038,1614.0,154.0
486251.9919202869,4418408.959489106,1617.0,157.0
486520.86363576626,4418883.033946835,1623.0,163.0
486253.2485116424,4418676.848926118,1623.0,163.0
486530.0745756638,4418996.984740319,1623.0,163.0
486617.4712617641,4419027.600691941,1625.0,165.0
486320.074604465,4419188.570152175,1627.0,167.0
486251.9919202869,4418408.959489106,1628.0,168.0
486364.2837807801,4419385.802066192,1628.0,168.0
486354.1137347765,4418413.703163864,1628.0,168.0
486654.4404421517,4418649.526210254,1629.0,169.0
486652.95155783504,4418640.205095675,1629.0,169.0
486587.39752988645,4418974.487422122,1629.0,169.0
486359.17148233304,4419377.074884587,1630.0,170.0
486623.8603962712,4418832.804637329,1630.0,170.0
486614.6982907578,4419027.688407096,1630.0,170.0
486253.2485116424,4418676.848926118,1631.0,171.0
486472.50728605816,4419169.134215703,1634.0,174.0
486587.39752988645,4418974.487422122,1635.0,175.0
486577.66273214866,4419010.415003862,1635.0,175.0
487039.9930115302,4418537.306094764,1636.0,176.0
486210.40836882865,4419275.784851409,1638.0,178.0
486210.40836882865,4419275.784851409,1638.0,178.0
486210.40836882865,4419275.784851409,1638.0,178.0
486579.3533124377,4418999.236899235,1639.0,179.0
486581.7386065364,4418937.441565125,1639.0,179.0
486614.6982907578,4419027.688407096,1639.0,179.0
486320.074604465,4419188.570152175,1640.0,180.0
486507.13157926186,4418487.177125615,1641.0,181.0
486414.4100870873,4418645.6899601,1641.0,181.0
486696.21671403653,4419087.260069862,1641.0,181.0
486707.66275596217,4419021.80982883,1642.0,182.0
486697.64776448905,4418912.9089422105,1642.0,182.0
486623.8603962712,4418832.804637329,1642.0,182.0
486614.6982907578,4419027.688407096,1642.0,182.0
486589.52264295623,4419079.218135945,1642.0,182.0
486750.5801583696,4418795.922155769,1642.0,182.0
486101.609428532,4419408.5189845655,1643.0,183.0
486449.38960387296,4419066.655509393,1643.0,183.0
486741.57505126944,4418296.591915016,1644.0,184.0
486095.5661413863,4419406.526741734,1644.0,184.0
486725.70256735565,4419314.493806556,1645.0,185.0
486700.1608989456,4418622.5282509,1648.0,188.0
486734.0362884843,4418734.350582562,1648.0,188.0
486320.074604465,4419188.570152175,1648.0,188.0
486297.683657935,4418684.443649569,1648.0,188.0
486193.7784913204,4418836.65610107,1650.0,190.0
486498.2759574624,4418498.666652257,1650.0,190.0
486623.8603962712,4418832.804637329,1650.0,190.0
486630.0479975101,4419053.8360027345,1651.0,191.0
486473.8336504054,4418638.920569004,1651.0,191.0
486364.2837807801,4419385.802066192,1651.0,191.0
486887.90988895216,4418584.233589534,1651.0,191.0
486359.17148233304,4419377.074884587,1651.0,191.0
486801.43312998797,4418517.595156705,1652.0,192.0
486308.32735297177,4419040.76938194,1655.0,195.0
486363.1989380337,4419360.514084785,1656.0,196.0
486332.86435549334,4419139.590338324,1656.0,196.0
486364.2837807801,4419385.802066192,1657.0,197.0
486320.074604465,4419188.570152175,1657.0,197.0
486120.5130485184,4418942.808592337,1658.0,198.0
486814.5867714183,4418784.9781962065,1658.0,198.0
486807.28398210125,4418739.995796527,1662.0,202.0
486370.12375642353,4419362.355820709,1662.0,202.0
486230.26419540425,4418776.936054663,1663.0,203.0
486362.05830889574,4419372.888617339,1663.0,203.0
486320.074604465,4419188.570152175,1663.0,203.0
486320.074575804,4419188.5701440675,1620.0,160.0
486617.4712617641,4419027.600691941,1621.0,161.0
486060.2749105015,4419337.946346616,1664.0,204.0
486948.35116567527,4418555.362650286,1664.0,204.0
486075.11929196416,4418529.265260263,1664.0,204.0
486623.8603962712,4418832.804637329,1665.0,205.0
486320.074604465,4419188.570152175,1666.0,206.0
486498.2759574624,4418498.666652257,1666.0,206.0
486696.21671403653,4419087.260069862,1667.0,207.0
486320.074604465,4419188.570152175,1668.0,208.0
486851.3699261562,4418820.530709763,1669.0,209.0
486320.074604465,4419188.570152175,1669.0,209.0
486320.074604465,4419188.570152175,1671.0,211.0
486434.86743940506,4418645.581908903,1672.0,212.0
486851.3699261562,4418820.530709763,1672.0,212.0
486320.074604465,4419188.570152175,1673.0,213.0
486483.2830121951,4419270.234021179,1673.0,213.0
486614.6982907578,4419027.688407096,1676.0,216.0
486581.7386065364,4418937.441565125,1676.0,216.0
486623.8603962712,4418832.804637329,1676.0,216.0
486320.074604465,4419188.570152175,1677.0,217.0
486151.1138699848,4419394.851415937,1678.0,218.0
486566.75879465713,4418908.815428771,1678.0,218.0
487196.0494394263,4418395.687870278,1679.0,219.0
486726.70145146066,4418986.999143368,1679.0,219.0
486814.5867714183,4418784.9781962065,1680.0,220.0
486320.074604465,4419188.570152175,1681.0,221.0
486617.4712617641,4419027.600691941,1682.0,222.0
486320.074604465,4419188.570152175,1682.0,222.0
486726.70145146066,4418986.999143368,1683.0,223.0
486320.074604465,4419188.570152175,1685.0,225.0
486662.16918450245,4419092.916086236,1685.0,225.0
486654.79646431416,4418972.699796716,1686.0,226.0
486434.86743940506,4418645.581908903,1687.0,227.0
486359.17148233304,4419377.074884587,1689.0,229.0
486192.9609073692,4418384.924906033,1690.0,230.0
486801.43312998797,4418517.595156705,1691.0,231.0
486948.35116567527,4418555.362650286,1691.0,231.0
486492.73597949476,4418510.577002789,1691.0,231.0
486320.074604465,4419188.570152175,1691.0,231.0
486408.38605841197,4419235.683975595,1692.0,232.0
486166.6304384544,4419028.700213733,1694.0,234.0
486320.074604465,4419188.570152175,1694.0,234.0
486163.81636145315,4419004.77225553,1694.0,234.0
486687.96271342895,4419165.421236507,1694.0,234.0
486727.9240082671,4419083.524184798,1674.0,214.0
486380.2228178455,4418384.476122893,1674.0,214.0
486814.5867714183,4418784.9781962065,1676.0,216.0
486611.14227884595,4419114.976863607,1699.0,239.0
486444.6884623696,4418668.271004662,1699.0,239.0
486874.7585145467,4419324.468774465,1699.0,239.0
486320.074604465,4419188.570152175,1698.0,238.0
486320.074604465,4419188.570152175,1704.0,244.0
486239.2867015765,4418817.427804431,1705.0,245.0
486814.5867714183,4418784.9781962065,1705.0,245.0
486726.70145146066,4418986.999143368,1705.0,245.0
486728.45749217924,4419225.531506356,1705.0,245.0
486332.75438849453,4419365.625404196,1706.0,246.0
486429.88997388416,4418661.552009939,1699.0,239.0
486243.4470775738,4418816.618917173,1706.0,246.0
486110.2115697489,4419403.320531783,1706.0,246.0
486569.1585931272,4418978.798238379,1708.0,248.0
486429.88997388416,4418661.552009939,1707.0,247.0
486890.0470800516,4419219.642824847,1707.0,247.0
486298.9257259211,4419091.651737598,1707.0,247.0
486948.35116567527,4418555.362650286,1709.0,249.0
486445.0192072967,4419154.403464046,1711.0,251.0
486528.8900194848,4418321.323327622,1714.0,254.0
486793.1755527476,4418724.22079284,1711.0,251.0
486052.25016022247,4419338.736510858,1715.0,255.0
486492.73597949476,4418510.577002789,1717.0,257.0
486726.70145146066,4418986.999143368,1719.0,259.0
486614.6982907578,4419027.688407096,1721.0,261.0
486429.88997388416,4418661.552009939,1721.0,261.0
486726.70145146066,4418986.999143368,1721.0,261.0
486513.97060801386,4418646.681531677,1722.0,262.0
486617.4712617641,4419027.600691941,1712.0,252.0
486616.83969969983,4418467.880977428,1712.0,252.0
486242.9142597991,4418552.871498322,1712.0,252.0
486320.074604465,4419188.570152175,1712.0,252.0
486486.5628681688,4418746.8884921055,1735.0,275.0
486566.75879465713,4418908.815428771,1713.0,253.0
486358.9843490326,4418531.072475272,1736.0,276.0
486608.9446918329,4418970.532525322,1713.0,253.0
486411.1620678763,4418507.683179149,1728.0,268.0
486099.56745622825,4418561.5461178925,1739.0,279.0
486434.86743940506,4418645.581908903,1713.0,253.0
486496.0436732425,4418493.987432244,1729.0,269.0
486513.97060801386,4418646.681531677,1729.0,269.0
486357.4341201435,4418789.164182268,1742.0,282.0
486498.2759574624,4418498.666652257,1740.0,280.0
486540.38464408024,4418928.189874719,1741.0,281.0
486320.074604465,4419188.570152175,1741.0,281.0
486099.56745622825,4418561.5461178925,1742.0,282.0
486496.0436732425,4418493.987432244,1741.0,281.0
486617.4712617641,4419027.600691941,1742.0,282.0
486358.9843490326,4418531.072475272,1741.0,281.0
486059.92900312314,4419195.3544333875,1741.0,281.0
486108.72544924245,4418576.1613396155,1746.0,286.0
486357.4341201435,4418789.164182268,1746.0,286.0
486414.4100870873,4418645.6899601,1746.0,286.0
486357.4341201435,4418789.164182268,1746.0,286.0
486099.56745622825,4418561.5461178925,1746.0,286.0
486320.074604465,4419188.570152175,1746.0,286.0
486700.5815840131,4418886.53925899,1746.0,286.0
486623.8603962712,4418832.804637329,1746.0,286.0
486616.9559720526,4418963.114008901,1747.0,287.0
486726.70145146066,4418986.999143368,1747.0,287.0
486442.55713022035,4418474.248947765,1747.0,287.0
486077.0933547248,4419192.53207484,1747.0,287.0
486623.3238904185,4418945.976173301,1748.0,288.0
486612.908105059,4418962.101660211,1748.0,288.0
486614.6982907578,4419027.688407096,1748.0,288.0
486320.074604465,4419188.570152175,1748.0,288.0
486496.0436732425,4418493.987432244,1748.0,288.0
486434.86743940506,4418645.581908903,1748.0,288.0
486357.4341201435,4418789.164182268,1748.0,288.0
486320.074604465,4419188.570152175,1748.0,288.0
486355.2629610433,4418776.746457978,1748.0,288.0
486320.074604465,4419188.570152175,1748.0,288.0
486320.074604465,4419188.570152175,1748.0,288.0
486543.9419894625,4419120.630261708,1748.0,288.0
486320.074604465,4419188.570152175,1748.0,288.0
486358.9843490326,4418531.072475272,1750.0,290.0
486434.86743940506,4418645.581908903,1748.0,288.0
486726.70145146066,4418986.999143368,1749.0,289.0
486110.2115697489,4419403.320531783,1753.0,293.0
486203.03483770404,4419231.513628629,1753.0,293.0
486124.6658122195,4418672.973120213,1732.0,272.0
486496.0436732425,4418493.987432244,1755.0,295.0
486434.86743940506,4418645.581908903,1755.0,295.0
486726.7014646097,4418986.9991359925,1760.0,300.0
486320.074604465,4419188.570152175,1755.0,295.0
486148.1301555484,4418904.0432898365,1762.0,302.0
486370.83385309036,4419407.695867535,1762.0,302.0
486362.47144905024,4418516.212647818,1762.0,302.0
486138.69601878745,4418546.726662353,1766.0,306.0
486726.7014646097,4418986.9991359925,1767.0,307.0
487063.877240845,4418838.916071275,1767.0,307.0
486857.7756739106,4419028.480090583,1757.0,297.0
486823.9981969483,4418827.189865614,1757.0,297.0
486434.86743940506,4418645.581908903,1758.0,298.0
486104.90662236494,4418552.468679273,1759.0,299.0
486360.00936761603,4418537.439979105,1778.0,318.0
486424.42938456894,4418916.513222693,1778.0,318.0
486422.7905292553,4418907.389393511,1778.0,318.0
486210.40832239046,4419275.7848548265,1778.0,318.0
486430.41454101336,4418855.968648857,1778.0,318.0
486590.34889149584,4419084.440855488,1781.0,321.0
486110.21158167504,4419403.320518653,1781.0,321.0
486109.4225299356,4419398.752903867,1781.0,321.0
486064.9646138764,4419224.586883273,1782.0,322.0
486713.43757202156,4419074.467113874,1782.0,322.0
486445.0192214032,4419154.40347516,1782.0,322.0
486354.3770926078,4418934.564338718,1782.0,322.0
486374.3775820134,4418530.872263587,1782.0,322.0
486436.66435331595,4418690.014337848,1782.0,322.0
486358.9843675284,4418531.0724692,1784.0,324.0
486085.9453606057,4418735.101147204,1784.0,324.0
486700.5815840131,4418886.53925899,1784.0,324.0
486617.4712617641,4419027.600691941,1785.0,325.0
486863.156975615,4419208.868551066,1785.0,325.0
486434.86743940506,4418645.581908903,1787.0,327.0
486293.66347281216,4418983.400261538,1790.0,330.0
486883.28134250944,4418584.979731619,1795.0,335.0
486434.86743940506,4418645.581908903,1795.0,335.0
486109.4225299356,4419398.752903867,1795.0,335.0
486454.2962393525,4419097.398794184,1796.0,336.0
486795.01952785335,4419213.488911542,1799.0,339.0
486555.5599075483,4418509.31589736,1799.0,339.0
486598.38539865735,4419094.747146288,1801.0,341.0
486579.3533124377,4418999.236899235,1801.0,341.0
486559.3191591554,4418903.405993878,1801.0,341.0
486320.074575804,4419188.5701440675,1803.0,343.0
486591.2958173053,4419089.7010087995,1804.0,344.0
486430.41454101336,4418855.968648857,1804.0,344.0
486316.73459951725,4419088.530088751,1806.0,346.0
486522.7617002507,4419402.194429895,1806.0,346.0
486320.074575804,4419188.5701440675,1808.0,348.0
486614.69827933464,4419027.688392965,1809.0,349.0
486322.0049042055,4419109.364736169,1810.0,350.0
486385.12828859384,4419380.11639868,1812.0,352.0
486367.34398359124,4418679.598533879,1812.0,352.0
486434.86743940506,4418645.581908903,1813.0,353.0
487135.65945455834,4419226.634589088,1814.0,354.0
486575.13451780926,4418496.647207306,1823.0,363.0
486594.16877687216,4419107.758353973,1824.0,364.0
486594.16877687216,4419107.758353973,1824.0,364.0
486748.4465925136,4419210.417313463,1824.0,364.0
486370.12375642353,4419362.355820709,1825.0,0.0
486336.767303888,4418677.671227441,1771.0,311.0
487157.35763160046,4419077.09805245,1776.0,316.0
486910.6347840852,4419403.048483207,1781.0,321.0
486507.27201770846,4419401.012034694,1781.0,321.0
487020.8160569015,4418865.254057431,1782.0,322.0
486445.0192214032,4419154.40347516,1784.0,324.0
486903.8599644383,4419043.199749492,1762.0,302.0
486370.83385309036,4419407.695867535,1785.0,325.0
486726.7014646097,4418986.9991359925,1763.0,303.0
486337.23853289534,4418666.150781537,1769.0,309.0
486357.43410231604,4418789.164174486,1767.0,307.0
486726.7014646097,4418986.9991359925,1767.0,307.0
486209.40648903523,4419269.168896082,1760.0,300.0
